Workbook

Sheet Menu
A1: SMC Inpatient Menu
A2: BREAKFAST & LUNCH & DINNER INPATIENTS MENU 2026
A4: Days | B4: Recipe Code | C4: Recipe Name | D4: Category | E4: Meal Order | F4: DIET TYPE
A5: Saturday | B5: ='Master – Recipes'!A161 -> RCP-SMC-000158 | C5: Croissant Cheese and Foul Meddames | D5: Main Course Breakfast | E5: BREAKFAST | F5: RD
A6: Saturday | B6: ='Master – Recipes'!A162 -> RCP-SMC-000159 | C6: Foul and Labneh | D6: Main Course Breakfast | E6: BREAKFAST | F6: DM/ CARDIAC
A7: Saturday | B7: ='Master – Recipes'!A163 -> RCP-SMC-000160 | C7: Labneh and Boiled Egg | D7: Main Course Breakfast | E7: BREAKFAST | F7: RENAL
A8: Saturday | B8: ='Master – Recipes'!A164 -> RCP-SMC-000161 | C8: Boiled Egg 1 Pcs and Foul | D8: Main Course Breakfast | E8: BREAKFAST | F8: DM/ CARDIAC
A9: Saturday | B9: ='Master – Recipes'!A165 -> RCP-SMC-000162 | C9: (Soft Diet) Fruits Pudding and Boiled egg | D9: Main Course Breakfast | E9: BREAKFAST | F9: SD
A10: Saturday | B10: ='Master – Recipes'!A131 -> RCP-SMC-000128 | C10: Sliced Vegetables with Olives | D10: Side Items Breakfast | E10: BREAKFAST | F10: RD/ DM / CARDIAC
A11: Saturday | B11: ='Master – Recipes'!A135 -> RCP-SMC-000132 | C11: TEA SET PACKET | D11: Side Items Breakfast | E11: BREAKFAST | F11: ALL DIETS
A12: Saturday | B12: ='Master – Recipes'!A121 -> RCP-SMC-000118 | C12: Turkish Red Lentil Soup | D12: Soup | E12: LUNCH | F12: REGULAR DIET / DIABETIC DIET
A13: Saturday | B13: ='Master – Recipes'!A123 -> RCP-SMC-000120 | C13: Cream of Chicken Soup | D13: Soup | E13: LUNCH | F13: REGULAR DIET / DIABETIC DIET
A14: Saturday | B14: ='Master – Recipes'!A88 -> RCP-SMC-000086 | C14: Clear Soup | D14: Soup | E14: LUNCH | F14: CLEAR LIQUID DIET
A15: Saturday | B15: ='Master – Recipes'!A122 -> RCP-SMC-000119 | C15: Strained Cream of Chicken Soup | D15: Soup | E15: LUNCH | F15: SOFT DIET
A16: Saturday | B16: ='Master – Recipes'!A160 -> RCP-SMC-000157 | C16: GREEK SALAD With Lemon Dressing | D16: Salad | E16: LUNCH | F16: REGULAR DIET / DIABETIC DIET
A17: Saturday | B17: ='Master – Recipes'!A152 -> RCP-SMC-000149 | C17: SPECIAL DIET SALAD ( Lettuce, peeled cucumber and Shredded Carrots ) | D17: Salad | E17: LUNCH | F17: SOFT DIET
A18: Saturday | B18: ='Master – Recipes'!A53 -> RCP-SMC-000054 | C18: Chicken Butter Sauce With White Rice | D18: Main Course - Lunch | E18: LUNCH | F18: REGULAR DIET / DIABETIC DIET
A19: Saturday | B19: ='Master – Recipes'!A16 -> RCP-SMC-000020 | C19: Seafood/Fish Sayadeya with Tahina Sauce | D19: Main Course - Lunch | E19: LUNCH | F19: REGULAR DIET / DIABETIC DIET
A20: Saturday | B20: ='Master – Recipes'!A52 -> RCP-SMC-000053 | C20: Beef Spaghetti Bolognese | D20: Main Course - Lunch | E20: LUNCH | F20: REGULAR DIET / DIABETIC DIET
A21: Saturday | B21: ='Master – Recipes'!A63 -> RCP-SMC-000063 | C21: Chicken Curry with White Rice | D21: Daily Main Course - Lunch | E21: LUNCH | F21: REGULAR DIET / DIABETIC DIET
A22: Saturday | B22: ='Master – Recipes'!A71 -> RCP-SMC-000070 | C22: Boiled Chicken with Soft Rice/ Boiled potato and Boiled Vegetables | D22: Daily Main Course - Lunch | E22: LUNCH | F22: ANTI D DIET
A23: Saturday | B23: ='Master – Recipes'!A61 -> RCP-SMC-000061 | C23: low sodium low Seasoning Grilled Chicken Breast with white Rice, Sauteed Mixed Veggies & Vegetarian Edam Cut Beans stew | D23: Daily Main Course - Lunch | E23: LUNCH | F23: CARDIAC DIET
A24: Saturday | B24: =B50 -> RCP-SMC-000071 | C24: low sodium low Seasoning Grilled Fish with White Rice & Vegetable Sauté | D24: Daily Main Course - Lunch | E24: LUNCH | F24: RENAL DIET
A25: Saturday | B25: =B51 -> RCP-SMC-000068 | C25: Chicken Kabssa With Dakkous Sauce | D25: Daily Main Course - Lunch | E25: LUNCH | F25: REGULAR DIET / DIABETIC DIET
A26: Saturday | B26: ='Master – Recipes'!A51 -> RCP-SMC-000052 | C26: Chicken Adobo W/ Potato and Soft Rice | D26: Daily Main Course - Lunch | E26: LUNCH | F26: REGULAR DIET / DIABETIC DIET
A27: Saturday | B27: ='Master – Recipes'!A64 -> RCP-SMC-000064 | C27: Cream Chicken Pasta and Mashed Vegetables | D27: Daily Main Course - Lunch | E27: LUNCH | F27: SOFT DIET
A28: Saturday | B28: =B77 -> RCP-SMC-000062 | C28: Soft Diet- beef White Jareesh Healthy Style with Mashed Vegetables | D28: Daily Main Course - Lunch | E28: LUNCH | F28: SOFT DIET
A29: Saturday | B29: ='Master – Recipes'!A67 -> RCP-SMC-000067 | C29: Puree Lunch (Chicken and Vegetables) | D29: Daily Main Course - Lunch | E29: LUNCH | F29: PUREE DIET
A30: Saturday | B30: ='Master – Recipes'!A78 -> RCP-SMC-000077 | C30: Seasonal Fresh Sliced Fruits | D30: Dessert | E30: LUNCH | F30: REGULAR DIET
A31: Saturday | B31: ='Master – Recipes'!A79 -> RCP-SMC-000078 | C31: Seasonal Fresh VIP Fruits | D31: Dessert | E31: LUNCH | F31: REGULAR DIET
A32: Saturday | B32: ='Master – Recipes'!A84 -> RCP-SMC-000082 | C32: Marble English Cake | D32: Dessert | E32: LUNCH | F32: REGULAR DIET
A33: Saturday | B33: ='Master – Recipes'!A86 -> RCP-SMC-000084 | C33: Sweet of The Day | D33: Dessert | E33: LUNCH | F33: REGULAR DIET
A34: Saturday | B34: ='Master – Recipes'!A74 -> RCP-SMC-000073 | C34: Regular Mohalabeya | D34: Dessert | E34: LUNCH | F34: SOFT DIET
A35: Saturday | B35: ='Master – Recipes'!A75 -> RCP-SMC-000074 | C35: Diabetic Mohalabeya | D35: Dessert | E35: LUNCH | F35: DIABETIC DIET
A36: Saturday | B36: ='Master – Recipes'!A76 -> RCP-SMC-000075 | C36: Jello | D36: Dessert | E36: LUNCH | F36: CLEAR LIQUID DIET
A37: Saturday | B37: ='Master – Recipes'!A77 -> RCP-SMC-000076 | C37: Custard | D37: Dessert | E37: LUNCH | F37: SOFT DIET
A38: Saturday | B38: ='Master – Recipes'!A120 -> RCP-SMC-000117 | C38: Crème of Leeks & Potato | D38: Soup | E38: DINNER | F38: REGULAR DIET / DIABETIC DIET/ SOFT
A39: Saturday | B39: ='Master – Recipes'!A119 -> RCP-SMC-000116 | C39: Chicken Ministrone Soup | D39: Soup | E39: DINNER | F39: REGULAR DIET / DIABETIC DIET
A40: Saturday | B40: =B14 -> RCP-SMC-000086 | C40: Clear Soup | D40: Soup | E40: DINNER | F40: CLEAR LIQUID DIET
A41: Saturday | B41: ='Master – Recipes'!A153 -> RCP-SMC-000150 | C41: Cucumber Yogurt Salad | D41: Salad | E41: DINNER | F41: REGULAR DIET / DIABETIC DIET
A42: Saturday | B42: =B17 -> RCP-SMC-000149 | C42: SPECIAL DIET SALAD ( Lettuce, peeled cucumber and Shredded Carrots ) | D42: Salad | E42: DINNER | F42: SOFT DIET
A43: Saturday | B43: ='Master – Recipes'!A57 -> RCP-SMC-000058 | C43: Soya Chicken with Young Corn & BBQ Vegetables w/ white rice | D43: Main Course - Dinner | E43: DINNER | F43: REGULAR DIET / DIABETIC DIET
A44: Saturday | B44: ='Master – Recipes'!A50 -> RCP-SMC-000051 | C44: Minted Meat Balls with Tomato Sauce & Turmeric Rice | D44: Main Course - Dinner | E44: DINNER | F44: REGULAR DIET / DIABETIC DIET
A45: Saturday | B45: ='Master – Recipes'!A54 -> RCP-SMC-000055 | C45: Chicken Burger with potato Wedges or Fries | D45: Main Course - Dinner | E45: DINNER | F45: REGULAR DIET / DIABETIC DIET
A46: Saturday | B46: ='Master – Recipes'!A60 -> RCP-SMC-000060 | C46: Mixed Vegetable Stew Vegetarian with White Rice | D46: Main Course - Dinner | E46: DINNER | F46: REGULAR DIET / DIABETIC DIET/ VEGETARIAN DIET
A47: Saturday | B47: ='Master – Recipes'!A65 -> RCP-SMC-000065 | C47: Beef Curry with White Rice | D47: Daily Main Course - Dinner | E47: DINNER | F47: REGULAR DIET / DIABETIC DIET
A48: Saturday | B48: ='Master – Recipes'!A71 -> RCP-SMC-000070 | C48: Boiled Chicken with Soft Rice/ Mashed potato | D48: Daily Main Course - Dinner | E48: DINNER | F48: ANTI D DIET
A49: Saturday | B49: ='Master – Recipes'!A73 -> RCP-SMC-000072 | C49: low sodium low Seasoning Grilled Chicken Breast with Vermicelli Rice with Vegetable Sauté | D49: Daily Main Course - Dinner | E49: DINNER | F49: CARDIAC DIET
A50: Saturday | B50: ='Master – Recipes'!A72 -> RCP-SMC-000071 | C50: low sodium low Seasoning Grilled Fish with White Rice with Vegetable Sauté | D50: Daily Main Course - Dinner | E50: DINNER | F50: RENAL DIET
A51: Saturday | B51: ='Master – Recipes'!A68 -> RCP-SMC-000068 | C51: Chicken Kabssa With Dakkous Sauce | D51: Daily Main Course - Dinner | E51: DINNER | F51: REGULAR DIET / DIABETIC DIET
A52: Saturday | B52: ='Master – Recipes'!A66 -> RCP-SMC-000066 | C52: Soft Diet - Chicken Saleeg Healthy style WITH Mashed potato | D52: Daily Main Course - Dinner | E52: DINNER | F52: SOFT DIET
A53: Saturday | B53: ='Master – Recipes'!A69 -> RCP-SMC-000069 | C53: Puree Dinner ( Beef and Vegetable) | D53: Daily Main Course - Dinner | E53: DINNER | F53: PUREE DIET
A54: Sunday | B54: ='Master – Recipes'!A166 -> RCP-SMC-000163 | C54: Danish Pastry and Shaksouka | D54: Main Course Breakfast | E54: BREAKFAST | F54: RD
A55: Sunday | B55: =B6 -> RCP-SMC-000159 | C55: Foul and Labneh | D55: Main Course Breakfast | E55: BREAKFAST | F55: DM/ CARDIAC
A56: Sunday | B56: =B7 -> RCP-SMC-000160 | C56: Labneh and Boiled Egg | D56: Main Course Breakfast | E56: BREAKFAST | F56: RENAL
A57: Sunday | B57: ='Master – Recipes'!A164 -> RCP-SMC-000161 | C57: Boiled Egg and Foul | D57: Main Course Breakfast | E57: BREAKFAST | F57: DM/ CARDIAC
A58: Sunday | B58: ='Master – Recipes'!A167 -> RCP-SMC-000164 | C58: (Soft Diet) Oats Pudding and Labneh | D58: Main Course Breakfast | E58: BREAKFAST | F58: SD
A59: Sunday | B59: =B10 -> RCP-SMC-000128 | C59: Sliced Vegetables with Olives | D59: Side Items Breakfast | E59: BREAKFAST | F59: RD/ DM / CARDIAC
A60: Sunday | B60: =B11 -> RCP-SMC-000132 | C60: TEA SET PACKET | D60: Side Items Breakfast | E60: BREAKFAST | F60: ALL DIETS
A61: Sunday | B61: ='Master – Recipes'!A89 -> RCP-SMC-000087 | C61: Crème of Mushroom | D61: Soup | E61: LUNCH | F61: REGULAR DIET / DIABETIC DIET
A62: Sunday | B62: ='Master – Recipes'!A90 -> RCP-SMC-000088 | C62: Beef Oats Soup | D62: Soup | E62: LUNCH | F62: REGULAR DIET / DIABETIC DIET
A63: Sunday | B63: =B40 -> RCP-SMC-000086 | C63: Clear Soup | D63: Soup | E63: LUNCH | F63: CLEAR LIQUID DIET
A64: Sunday | B64: ='Master – Recipes'!A91 -> RCP-SMC-000089 | C64: Strained Cream of Mushroom Soup for Soft Diet Patients | D64: Soup | E64: LUNCH | F64: SOFT DIET
A65: Sunday | B65: ='Master – Recipes'!A154 -> RCP-SMC-000151 | C65: Beetroot Quinoa Salad | D65: Salad | E65: LUNCH | F65: REGULAR DIET / DIABETIC DIET
A66: Sunday | B66: =B17 -> RCP-SMC-000149 | C66: SPECIAL DIET SALAD ( Lettuce, peeled cucumber and Shredded Carrots ) | D66: Salad | E66: LUNCH | F66: SOFT DIET
A67: Sunday | B67: ='Master – Recipes'!A70 -> RCP-SMC-00007 | C67: Chicken Mushroom , Basil Alfredo Sauce , Mashed Potato | D67: Main Course - Lunch | E67: LUNCH | F67: REGULAR DIET / DIABETIC DIET
A68: Sunday | B68: ='Master – Recipes'!A4 -> RCP-SMC-00001 | C68: Thai Shrimp Curry With White Rice | D68: Main Course - Lunch | E68: LUNCH | F68: REGULAR DIET / DIABETIC DIET
A69: Sunday | B69: ='Master – Recipes'!A15 -> RCP-SMC-00002 | C69: Kebbeh Labnieh with Vermicelli Rice | D69: Main Course - Lunch | E69: LUNCH | F69: REGULAR DIET / DIABETIC DIET
A70: Sunday | B70: =B21 -> RCP-SMC-000063 | C70: Chicken Curry with White Rice | D70: Daily Main Course - Lunch | E70: LUNCH | F70: REGULAR DIET / DIABETIC DIET
A71: Sunday | B71: =B120 -> RCP-SMC-000070 | C71: Soft Diet - Boiled Chicken with Soft Rice/ Boiled potato and Boiled Vegetables | D71: Daily Main Course - Lunch | E71: LUNCH | F71: ANTI D DIET
A72: Sunday | B72: ='Master – Recipes'!A37 -> RCP-SMC-00004 | C72: low sodium low Seasoning Grilled Chicken Breast with white Rice with Vegetable Saute & Side Vegetarian Edam Okra Stew | D72: Daily Main Course - Lunch | E72: LUNCH | F72: CARDIAC DIET
A73: Sunday | B73: =B50 -> RCP-SMC-000071 | C73: low sodium low Seasoning Grilled Fish with White Rice with Vegetable Saute | D73: Daily Main Course - Lunch | E73: LUNCH | F73: RENAL DIET
A74: Sunday | B74: =B25 -> RCP-SMC-000068 | C74: Chicken Kabssa With Dakkous Sauce | D74: Daily Main Course - Lunch | E74: LUNCH | F74: REGULAR DIET / DIABETIC DIET
A75: Sunday | B75: ='Master – Recipes'!A26 -> RCP-SMC-00003 | C75: Beef Picadillo w/ Soft Rice | D75: Daily Main Course - Lunch | E75: LUNCH | F75: REGULAR DIET / DIABETIC DIET
A76: Sunday | B76: =B27 -> RCP-SMC-000064 | C76: Cream Chicken Pasta and Mashed Vegetables | D76: Daily Main Course - Lunch | E76: LUNCH | F76: SOFT DIET
A77: Sunday | B77: ='Master – Recipes'!A62 -> RCP-SMC-000062 | C77: Soft Diet- beef White Jareesh Healthy Style with Mashed Vegetables | D77: Daily Main Course - Lunch | E77: LUNCH | F77: SOFT DIET
A78: Sunday | B78: =B29 -> RCP-SMC-000067 | C78: Puree Lunch (Chicken and Vegetables) | D78: Daily Main Course - Lunch | E78: LUNCH | F78: PUREE DIET
A79: Sunday | B79: =B30 -> RCP-SMC-000077 | C79: Seasonal Fresh Sliced Fruits | D79: Dessert | E79: LUNCH | F79: REGULAR DIET
A80: Sunday | B80: =B31 -> RCP-SMC-000078 | C80: Seasonal Fresh VIP Fruits | D80: Dessert | E80: LUNCH | F80: REGULAR DIET
A81: Sunday | B81: ='Master – Recipes'!A80 -> RCP-SMC-000079 | C81: Blueberry Muffins | D81: Dessert | E81: LUNCH | F81: REGULAR DIET
A82: Sunday | B82: ='Master – Recipes'!A87 -> RCP-SMC-000085 | C82: Sweet of The Day | D82: Dessert | E82: LUNCH | F82: REGULAR DIET
A83: Sunday | B83: =B34 -> RCP-SMC-000073 | C83: Regular Mohalabeya | D83: Dessert | E83: LUNCH | F83: SOFT DIET
A84: Sunday | B84: =B35 -> RCP-SMC-000074 | C84: Diabetic Mohalabeya | D84: Dessert | E84: LUNCH | F84: DIABETIC DIET
A85: Sunday | B85: =B36 -> RCP-SMC-000075 | C85: Jello | D85: Dessert | E85: LUNCH | F85: CLEAR LIQUID DIET
A86: Sunday | B86: =B37 -> RCP-SMC-000076 | C86: Custard | D86: Dessert | E86: LUNCH | F86: SOFT DIET
A87: Sunday | B87: ='Master – Recipes'!A93 -> RCP-SMC-000090 | C87: Cream of Corn Soup | D87: Soup | E87: DINNER | F87: REGULAR DIET / DIABETIC DIET
A88: Sunday | B88: ='Master – Recipes'!A94 -> RCP-SMC-000091 | C88: Chicken & Orzo Pasta Vegetable Soup | D88: Soup | E88: DINNER | F88: REGULAR DIET / DIABETIC DIET
A89: Sunday | B89: =B63 -> RCP-SMC-000086 | C89: Clear Soup | D89: Soup | E89: DINNER | F89: CLEAR LIQUID DIET
A90: Sunday | B90: ='Master – Recipes'!A95 -> RCP-SMC-000092 | C90: Strained Cream of Corn Soup | D90: Soup | E90: DINNER | F90: SOFT DIET
A91: Sunday | B91: =B41 -> RCP-SMC-000150 | C91: Cucumber Yogurt Salad | D91: Salad | E91: DINNER | F91: REGULAR DIET / DIABETIC DIET
A92: Sunday | B92: =B17 -> RCP-SMC-000149 | C92: SPECIAL DIET SALAD ( Lettuce, peeled cucumber and Shredded Carrots ) | D92: Salad | E92: DINNER | F92: SOFT DIET
A93: Sunday | B93: ='Master – Recipes'!A81 -> RCP-SMC-00008 | C93: Chicken Biryani | D93: Main Course - Dinner | E93: DINNER | F93: REGULAR DIET / DIABETIC DIET
A94: Sunday | B94: ='Master – Recipes'!A59 -> RCP-SMC-00006 | C94: Russian Meat Ball with White Rice | D94: Main Course - Dinner | E94: DINNER | F94: REGULAR DIET / DIABETIC DIET
A95: Sunday | B95: ='Master – Recipes'!A56 -> RCP-SMC-000057 | C95: Mushroom Steak Sandwich With Fries or Potato Wedges | D95: Main Course - Dinner | E95: DINNER | F95: REGULAR DIET / DIABETIC DIET
A96: Sunday | B96: ='Master – Recipes'!A48 -> RCP-SMC-00005 | C96: (Veggie) Vegetables Lasagna | D96: Main Course - Dinner | E96: DINNER | F96: REGULAR DIET / DIABETIC DIET/ VEGETARIAN DIET
A97: Sunday | B97: =B47 -> RCP-SMC-000065 | C97: Beef Curry with White Rice | D97: Daily Main Course - Dinner | E97: DINNER | F97: REGULAR DIET / DIABETIC DIET
A98: Sunday | B98: =B48 -> RCP-SMC-000070 | C98: Boiled Chicken with Soft Rice/ Mashed potato | D98: Daily Main Course - Dinner | E98: DINNER | F98: ANTI D DIET
A99: Sunday | B99: =B49 -> RCP-SMC-000072 | C99: low sodium low Seasoning Grilled Chicken Breast with Vermicelli Rice with Vegetable Saute | D99: Daily Main Course - Dinner | E99: DINNER | F99: CARDIAC DIET
A100: Sunday | B100: =B50 -> RCP-SMC-000071 | C100: low sodium low Seasoning Grilled Fish with White Rice with Vegetable Sauté | D100: Daily Main Course - Dinner | E100: DINNER | F100: RENAL DIET
A101: Sunday | B101: =B51 -> RCP-SMC-000068 | C101: Chicken Kabssa With Dakkous Sauce | D101: Daily Main Course - Dinner | E101: DINNER | F101: REGULAR DIET / DIABETIC DIET
...

Sheet Sheet2
A3: Recipe Ref | B3: Customer Name | C3: Recipe Name | D3: Days | E3: Category | F3: Sum of Qty req per Batch (g/pcs) | G3: Max of No. of portions per batch | H3: Sum of Food Cost per portion
A4: RCP-SMC-00001 | B4: SMC | C4: Thai shrimp curry with white rice | D4: Sunday | E4: Main Course | F4: 5725 | G4: 10 | H4: 9.8937403
A5: RCP-SMC-000010 | B5: SMC | C5: Halloumi Panini pesto sandwich | D5: Monday | E5: Main Course | F5: 414 | G5: 4 | H5: 4.3622314
A6: RCP-SMC-000011 | B6: SMC | C6: Beef vegetable qursan | D6: Monday | E6: Main Course | F6: 4885 | G6: 10 | H6: 9.0984588
A7: RCP-SMC-000012 | B7: SMC | C7: chicken mandi with dokus sause | D7: Monday | E7: Main Course | F7: 6528 | G7: 10 | H7: 5.1434832
A8: RCP-SMC-000013 | B8: SMC | C8: Low Sodium Chicken Breast - Vegetables | D8: Monday | E8: Main Course | F8: 6195 | G8: 10 | H8: 5.4269713
A9: RCP-SMC-000014 | B9: SMC | C9: Koshari with crispy onion spicy tomato | D9: Monday | E9: Main Course | F9: 2736 | G9: 10 | H9: 2.8563074
A10: RCP-SMC-000015 | B10: SMC | C10: Veal with Red Burgul lebanese Style | D10: Monday | E10: Main Course | F10: 5158 | G10: 10 | H10: 10.275901
A11: RCP-SMC-000016 | B11: SMC | C11: Kofta with potato,egyplant | D11: Monday | E11: Main Course | F11: 7324 | G11: 10 | H11: 6.6770473
A12: RCP-SMC-000017 | B12: SMC | C12: Chicken Afritada w Soft Rice | D12: Monday | E12: Main Course | F12: 8080 | G12: 10 | H12: 6.767742
A13: RCP-SMC-000018 | B13: SMC | C13: Beef Burger | D13: Tuesday | E13: Main Course | F13: 2972.5 | G13: 10 | H13: 5.8759257
A14: RCP-SMC-000019 | B14: SMC | C14: Chicken sweet and sour | D14: Tuesday | E14: Main Course | F14: 5989 | G14: 10 | H14: 5.0505764
A15: RCP-SMC-00002 | B15: SMC | C15: kebbeh labnieh with vermicelli rice | D15: Sunday | E15: Main Course | F15: 6267 | G15: 10 | H15: 6.2906322
... A160: RCP-SMC-000157 | B160: SMC | C160: Greek Salad With Lemon | D160: Saturday | E160: Salad | F160: 156 | G160: 1 | H160: 1.8045202
A161: (blank) | B161: (blank) | C161: (blank) | D161: (blank) | E161: (blank)
A162: Grand Total | F162: 1127361.7 | G162: 900 | H162: 478.02769

Sheet Master – Recipes
A1: 📘 Master – Recipes-SMC
A3: Recipe Ref | B3: Customer Name | C3: Recipe Name | D3: Days | E3: Category | F3: Sum of Qty req per Batch (g/pcs) | G3: Max of No. of portions per batch | H3: Sum of Food Cost per portion | I3: Variable Food Cost 10% | J3: Total Food Cost | K3: Packaging Cost | L3: Labor Cost | M3: Delivery Cost | N3: Overheads | O3: Other Costs | P3: Total Cost | Q3: Labour Cost | R3: Packing Cost | S3: Delivery Cost | T3: Other veriables cost | U3: Total Cost
A4: RCP-SMC-00001 | B4: SMC | C4: Thai shrimp curry with white rice | D4: Sunday | E4: Main Course | F4: 5725 | G4: 10 | H4: 9.8937403 | I4: =H4*10% -> 0.98937403 | J4: =H4+I4 -> 10.883114 | O4: =SUM(H4:N4) -> 21.766229 | Q4: =J4*5% -> 0.54415572 | R4: =J4*2% -> 0.21766229 | S4: =J4*2% -> 0.21766229 | T4: =J4*1% -> 0.10883114 | U4: =J4+Q4+R4+S4+T4 -> 11.971426 | V4: LC,PC,DC,OVC % are only Assumed
A5: RCP-SMC-000010 | B5: SMC | C5: Halloumi Panini pesto sandwich | D5: Monday | E5: Main Course | F5: 414 | G5: 4 | H5: 4.3622314 | I5: =H5*10% -> 0.43622314 | J5: =H5+I5 -> 4.7984545 | O5: =SUM(H5:N5) -> 9.5969091 | Q5: =J5*5% -> 0.23992273 | R5: =J5*2% -> 0.095969091 | S5: =J5*2% -> 0.095969091 | T5: =J5*1% -> 0.047984545 | U5: =J5+Q5+R5+S5+T5 -> 5.2783
A6: RCP-SMC-000011 | B6: SMC | C6: Beef vegetable qursan | D6: Monday | E6: Main Course | F6: 4885 | G6: 10 | H6: 9.0984588 | I6: =H6*10% -> 0.90984588 | J6: =H6+I6 -> 10.008305 | O6: =SUM(H6:N6) -> 20.016609 | Q6: =J6*5% -> 0.50041524 | R6: =J6*2% -> 0.20016609 | S6: =J6*2% -> 0.20016609 | T6: =J6*1% -> 0.10008305 | U6: =J6+Q6+R6+S6+T6 -> 11.009135
A7: RCP-SMC-000012 | B7: SMC | C7: chicken mandi with dokus sause | D7: Monday | E7: Main Course | F7: 6528 | G7: 10 | H7: 5.1434832 | I7: =H7*10% -> 0.51434832 | J7: =H7+I7 -> 5.6578315 | O7: =SUM(H7:N7) -> 11.315663 | Q7: =J7*5% -> 0.28289157 | R7: =J7*2% -> 0.11315663 | S7: =J7*2% -> 0.11315663 | T7: =J7*1% -> 0.056578315 | U7: =J7+Q7+R7+S7+T7 -> 6.2236146
A8: RCP-SMC-000013 | B8: SMC | C8: Low Sodium Chicken Breast - Vegetables | D8: Monday | E8: Main Course | F8: 6195 | G8: 10 | H8: 5.4269713 | I8: =H8*10% -> 0.54269713 | J8: =H8+I8 -> 5.9696684 | O8: =SUM(H8:N8) -> 11.939337 | Q8: =J8*5% -> 0.29848342 | R8: =J8*2% -> 0.11939337 | S8: =J8*2% -> 0.11939337 | T8: =J8*1% -> 0.059696684 | U8: =J8+Q8+R8+S8+T8 -> 6.5666352
A9: RCP-SMC-000014 | B9: SMC | C9: Koshari with crispy onion spicy tomato | D9: Monday | E9: Main Course | F9: 2736 | G9: 10 | H9: 2.8563074 | I9: =H9*10% -> 0.28563074 | J9: =H9+I9 -> 3.1419381 | O9: =SUM(H9:N9) -> 6.2838763 | Q9: =J9*5% -> 0.15709691 | R9: =J9*2% -> 0.062838763 | S9: =J9*2% -> 0.062838763 | T9: =J9*1% -> 0.031419381 | U9: =J9+Q9+R9+S9+T9 -> 3.456132
A10: RCP-SMC-000015 | B10: SMC | C10: Veal with Red Burgul lebanese Style | D10: Monday | E10: Main Course | F10: 5158 | G10: 10 | H10: 10.275901 | I10: =H10*10% -> 1.0275901 | J10: =H10+I10 -> 11.303491 | O10: =SUM(H10:N10) -> 22.606983 | Q10: =J10*5% -> 0.56517457 | R10: =J10*2% -> 0.22606983 | S10: =J10*2% -> 0.22606983 | T10: =J10*1% -> 0.11303491 | U10: =J10+Q10+R10+S10+T10 -> 12.433841
A11: RCP-SMC-000016 | B11: SMC | C11: Kofta with potato,egyplant | D11: Monday | E11: Main Course | F11: 7324 | G11: 10 | H11: 6.6770473 | I11: =H11*10% -> 0.66770473 | J11: =H11+I11 -> 7.344752 | O11: =SUM(H11:N11) -> 14.689504 | Q11: =J11*5% -> 0.3672376 | R11: =J11*2% -> 0.14689504 | S11: =J11*2% -> 0.14689504 | T11: =J11*1% -> 0.07344752 | U11: =J11+Q11+R11+S11+T11 -> 8.0792272
A12: RCP-SMC-000017 | B12: SMC | C12: Chicken Afritada w Soft Rice | D12: Monday | E12: Main Course | F12: 8080 | G12: 10 | H12: 6.767742 | I12: =H12*10% -> 0.6767742 | J12: =H12+I12 -> 7.4445162 | O12: =SUM(H12:N12) -> 14.889032 | Q12: =J12*5% -> 0.37222581 | R12: =J12*2% -> 0.14889032 | S12: =J12*2% -> 0.14889032 | T12: =J12*1% -> 0.074445162 | U12: =J12+Q12+R12+S12+T12 -> 8.1889678
A13: RCP-SMC-000018 | B13: SMC | C13: Beef Burger | D13: Tuesday | E13: Main Course | F13: 2972.5 | G13: 10 | H13: 5.8759257 | I13: =H13*10% -> 0.58759257 | J13: =H13+I13 -> 6.4635182 | O13: =SUM(H13:N13) -> 12.927036 | Q13: =J13*5% -> 0.32317591 | R13: =J13*2% -> 0.12927036 | S13: =J13*2% -> 0.12927036 | T13: =J13*1% -> 0.064635182 | U13: =J13+Q13+R13+S13+T13 -> 7.1098701
A14: RCP-SMC-000019 | B14: SMC | C14: Chicken sweet and sour | D14: Tuesday | E14: Main Course | F14: 5989 | G14: 10 | H14: 5.0505764 | I14: =H14*10% -> 0.50505764 | J14: =H14+I14 -> 5.555634 | O14: =SUM(H14:N14) -> 11.111268 | Q14: =J14*5% -> 0.2777817 | R14: =J14*2% -> 0.11111268 | S14: =J14*2% -> 0.11111268 | T14: =J14*1% -> 0.05555634 | U14: =J14+Q14+R14+S14+T14 -> 6.1111974
A15: RCP-SMC-00002 | B15: SMC | C15: kebbeh labnieh with vermicelli rice | D15: Sunday | E15: Main Course | F15: 6267 | G15: 10 | H15: 6.2906322 | I15: =H15*10% -> 0.62906322 | J15: =H15+I15 -> 6.9196954 | O15: =SUM(H15:N15) -> 13.839391 | Q15: =J15*5% -> 0.34598477 | R15: =J15*2% -> 0.13839391 | S15: =J15*2% -> 0.13839391 | T15: =J15*1% -> 0.069196954 | U15: =J15+Q15+R15+S15+T15 -> 7.6116649
A16: RCP-SMC-000020 | B16: SMC | C16: Fish Sayadiah with Brown Rice & Tahina Sauce | D16: Tuesday | E16: Main Course | F16: 4692 | G16: 10 | H16: 4.6654383 | I16: =H16*10% -> 0.46654383 | J16: =H16+I16 -> 5.1319822 | O16: =SUM(H16:N16) -> 10.263964 | Q16: =J16*5% -> 0.25659911 | R16: =J16*2% -> 0.10263964 | S16: =J16*2% -> 0.10263964 | T16: =J16*1% -> 0.051319822 | U16: =J16+Q16+R16+S16+T16 -> 5.6451804
... A160: RCP-SMC-000157 | B160: SMC | C160: Greek Salad With Lemon | D160: Saturday | E160: Salad | F160: 156 | G160: 1 | H160: 1.8045202 | I160: =H160*10% -> 0.18045202 | J160: =H160+I160 -> 1.9849722 | O160: =SUM(H160:N160) -> 3.9699445 | Q160: =J160*5% -> 0.099248612 | R160: =J160*2% -> 0.039699445 | S160: =J160*2% -> 0.039699445 | T160: =J160*1% -> 0.019849722 | U160: =J160+Q160+R160+S160+T160 -> 2.1834695
A161: RCP-SMC-000158 | B161: SMC | C161: Croissant Cheese and Foul Meddames | D161: Saturday | E161: Breakfast | F161: =SUMIF('Recipe Ingredients'!$A$5:$A$2237,'Master – Recipes'!A161,'Recipe Ingredients'!$O$5:$O$2237) -> 69660 | H161: =SUMIF('Recipe Ingredients'!$A$5:$A$2237,'Master – Recipes'!A161,'Recipe Ingredients'!$W$5:$W$2238) -> 1.4586544 | I161: =H161*10% -> 0.14586544 | J161: =H161+I161 -> 1.6045199 | Q161: =J161*5% -> 0.080225994 | R161: =J161*2% -> 0.032090398 | S161: =J161*2% -> 0.032090398 | T161: =J161*1% -> 0.016045199 | U161: =J161+Q161+R161+S161+T161 -> 1.7649719
A162: RCP-SMC-000159 | B162: SMC | C162: Foul and Labneh | E162: Breakfast | F162: =SUMIF('Recipe Ingredients'!$A$5:$A$2237,'Master – Recipes'!A162,'Recipe Ingredients'!$O$5:$O$2237) -> 3075.25 | H162: =SUMIF('Recipe Ingredients'!$A$5:$A$2237,'Master – Recipes'!A162,'Recipe Ingredients'!$W$5:$W$2238) -> 2.2021946 | I162: =H162*10% -> 0.22021946 | J162: =H162+I162 -> 2.422414 | Q162: =J162*5% -> 0.1211207 | R162: =J162*2% -> 0.048448281 | S162: =J162*2% -> 0.048448281 | T162: =J162*1% -> 0.02422414 | U162: =J162+Q162+R162+S162+T162 -> 2.6646555
A163: RCP-SMC-000160 | B163: SMC | C163: Labneh and Boiled Egg | E163: Breakfast | F163: =SUMIF('Recipe Ingredients'!$A$5:$A$2237,'Master – Recipes'!A163,'Recipe Ingredients'!$O$5:$O$2237) -> 336.25 | H163: =SUMIF('Recipe Ingredients'!$A$5:$A$2237,'Master – Recipes'!A163,'Recipe Ingredients'!$W$5:$W$2238) -> 1.8396635 | I163: =H163*10% -> 0.18396635 | J163: =H163+I163 -> 2.0236299 | Q163: =J163*5% -> 0.10118149 | R163: =J163*2% -> 0.040472598 | S163: =J163*2% -> 0.040472598 | T163: =J163*1% -> 0.020236299 | U163: =J163+Q163+R163+S163+T163 -> 2.2259929
A164: RCP-SMC-000161 | B164: SMC | C164: Boiled Egg 1 Pcs and Foul | E164: Breakfast | F164: =SUMIF('Recipe Ingredients'!$A$5:$A$2237,'Master – Recipes'!A164,'Recipe Ingredients'!$O$5:$O$2237) -> 3201 | H164: =SUMIF('Recipe Ingredients'!$A$5:$A$2237,'Master – Recipes'!A164,'Recipe Ingredients'!$W$5:$W$2238) -> 1.4626363 | I164: =H164*10% -> 0.14626363 | J164: =H164+I164 -> 1.6089 | Q164: =J164*5% -> 0.080444998 | R164: =J164*2% -> 0.032177999 | S164: =J164*2% -> 0.032177999 | T164: =J164*1% -> 0.016089 | U164: =J164+Q164+R164+S164+T164 -> 1.76979
A165: RCP-SMC-000162 | B165: SMC | C165: (Soft Diet) Fruits Pudding and Boiled egg | E165: Breakfast | F165: =SUMIF('Recipe Ingredients'!$A$5:$A$2237,'Master – Recipes'!A165,'Recipe Ingredients'!$O$5:$O$2237) -> 3623 | H165: =SUMIF('Recipe Ingredients'!$A$5:$A$2237,'Master – Recipes'!A165,'Recipe Ingredients'!$W$5:$W$2238) -> 1.852826 | I165: =H165*10% -> 0.1852826 | J165: =H165+I165 -> 2.0381086 | Q165: =J165*5% -> 0.10190543 | R165: =J165*2% -> 0.040762171 | S165: =J165*2% -> 0.040762171 | T165: =J165*1% -> 0.020381086 | U165: =J165+Q165+R165+S165+T165 -> 2.2419194
A166: RCP-SMC-000163 | B166: SMC | C166: Danish Pastry and Shaksouka | D166: Sunday | E166: Breakfast | F166: =SUMIF('Recipe Ingredients'!$A$5:$A$2237,'Master – Recipes'!A166,'Recipe Ingredients'!$O$5:$O$2237) -> 95990 | H166: =SUMIF('Recipe Ingredients'!$A$5:$A$2237,'Master – Recipes'!A166,'Recipe Ingredients'!$W$5:$W$2238) -> 2.9161797 | I166: =H166*10% -> 0.29161797 | J166: =H166+I166 -> 3.2077977 | Q166: =J166*5% -> 0.16038989 | R166: =J166*2% -> 0.064155954 | S166: =J166*2% -> 0.064155954 | T166: =J166*1% -> 0.032077977 | U166: =J166+Q166+R166+S166+T166 -> 3.5285775
A167: RCP-SMC-000164 | B167: SMC | C167: (Soft Diet) Oats Pudding and Labneh | E167: Breakfast | F167: =SUMIF('Recipe Ingredients'!$A$5:$A$2237,'Master – Recipes'!A167,'Recipe Ingredients'!$O$5:$O$2237) -> 3497.25 | H167: =SUMIF('Recipe Ingredients'!$A$5:$A$2237,'Master – Recipes'!A167,'Recipe Ingredients'!$W$5:$W$2238) -> 2.5923842 | I167: =H167*10% -> 0.25923842 | J167: =H167+I167 -> 2.8516227 | Q167: =J167*5% -> 0.14258113 | R167: =J167*2% -> 0.057032453 | S167: =J167*2% -> 0.057032453 | T167: =J167*1% -> 0.028516227 | U167: =J167+Q167+R167+S167+T167 -> 3.1367849
A168: RCP-SMC-000165 | B168: SMC | C168: Foul Gulaba and Halwa Tahiniah (60 Gram) | D168: Monday | E168: Breakfast | F168: =SUMIF('Recipe Ingredients'!$A$5:$A$2237,'Master – Recipes'!A168,'Recipe Ingredients'!$O$5:$O$2237) -> 2890 | H168: =SUMIF('Recipe Ingredients'!$A$5:$A$2237,'Master – Recipes'!A168,'Recipe Ingredients'!$W$5:$W$2238) -> 1.3065837 | I168: =H168*10% -> 0.13065837 | J168: =H168+I168 -> 1.4372421 | Q168: =J168*5% -> 0.071862103 | R168: =J168*2% -> 0.028744841 | S168: =J168*2% -> 0.028744841 | T168: =J168*1% -> 0.014372421 | U168: =J168+Q168+R168+S168+T168 -> 1.5809663
A169: RCP-SMC-000166 | B169: SMC | C169: Chicken Manakish and Labneh | D169: Tuesday | E169: Breakfast | F169: =SUMIF('Recipe Ingredients'!$A$5:$A$2237,'Master – Recipes'!A169,'Recipe Ingredients'!$O$5:$O$2237) -> 4356.25 | H169: =SUMIF('Recipe Ingredients'!$A$5:$A$2237,'Master – Recipes'!A169,'Recipe Ingredients'!$W$5:$W$2238) -> 2.6958123 | I169: =H169*10% -> 0.26958123 | J169: =H169+I169 -> 2.9653936 | Q169: =J169*5% -> 0.14826968 | R169: =J169*2% -> 0.059307872 | S169: =J169*2% -> 0.059307872 | T169: =J169*1% -> 0.029653936 | U169: =J169+Q169+R169+S169+T169 -> 3.2619329
A170: RCP-SMC-000167 | B170: SMC | C170: Croissant Zaatar and Baked Egg | D170: Wednesday | E170: Breakfast | F170: =SUMIF('Recipe Ingredients'!$A$5:$A$2237,'Master – Recipes'!A170,'Recipe Ingredients'!$O$5:$O$2237) -> 66790 | H170: =SUMIF('Recipe Ingredients'!$A$5:$A$2237,'Master – Recipes'!A170,'Recipe Ingredients'!$W$5:$W$2238) -> 2.2087505 | I170: =H170*10% -> 0.22087505 | J170: =H170+I170 -> 2.4296256 | Q170: =J170*5% -> 0.12148128 | R170: =J170*2% -> 0.048592511 | S170: =J170*2% -> 0.048592511 | T170: =J170*1% -> 0.024296256 | U170: =J170+Q170+R170+S170+T170 -> 2.6725881
A171: RCP-SMC-000168 | B171: SMC | C171: Pizza Veggie Margherita and Foul Medmas | D171: Thursday | E171: Breakfast | F171: =SUMIF('Recipe Ingredients'!$A$5:$A$2237,'Master – Recipes'!A171,'Recipe Ingredients'!$O$5:$O$2237) -> 6170 | H171: =SUMIF('Recipe Ingredients'!$A$5:$A$2237,'Master – Recipes'!A171,'Recipe Ingredients'!$W$5:$W$2238) -> 1.6183193 | I171: =H171*10% -> 0.16183193 | J171: =H171+I171 -> 1.7801512 | Q171: =J171*5% -> 0.089007559 | R171: =J171*2% -> 0.035603024 | S171: =J171*2% -> 0.035603024 | T171: =J171*1% -> 0.017801512 | U171: =J171+Q171+R171+S171+T171 -> 1.9581663
A172: RCP-SMC-000169 | B172: SMC | C172: Oats Porridge w/ Dried Mix Fruits and Boiled Egg | D172: Friday | E172: Breakfast | F172: =SUMIF('Recipe Ingredients'!$A$5:$A$2237,'Master – Recipes'!A172,'Recipe Ingredients'!$O$5:$O$2237) -> 3618 | H172: =SUMIF('Recipe Ingredients'!$A$5:$A$2237,'Master – Recipes'!A172,'Recipe Ingredients'!$W$5:$W$2238) -> 1.8521326 | I172: =H172*10% -> 0.18521326 | J172: =H172+I172 -> 2.0373459 | Q172: =J172*5% -> 0.10186729 | R172: =J172*2% -> 0.040746918 | S172: =J172*2% -> 0.040746918 | T172: =J172*1% -> 0.020373459 | U172: =J172+Q172+R172+S172+T172 -> 2.2410805
F173: =SUBTOTAL(109,F4:F172) -> 1390568.7 | H173: =SUBTOTAL(109,H4:H172) -> 502.03382 | I173: =SUBTOTAL(109,I4:I172) -> 50.203382 | J173: =SUBTOTAL(109,J4:J172) -> 552.23721 | K173: =SUBTOTAL(109,K4:K172) -> 0 | L173: =SUBTOTAL(109,L4:L172) -> 0 | M173: =SUBTOTAL(109,M4:M172) -> 0 | N173: =SUBTOTAL(109,N4:N172) -> 0 | O173: =SUBTOTAL(109,O4:O172) -> 1051.6609 | ... U173: =SUBTOTAL(109,U4:U172) -> 607.46093

Sheet Recipe Ingredients
A1: 📘 Master – SMC-Recipes Ingredients
A3: ▶ CONSOLIDATED INGREDIENT MASTER — SMC Recipes · Main + Sub Recipes
A4: Recipe Ref | B4: Brand Name | C4: Customer Name | D4: Recipe Name | E4: Days | F4: Section | G4: Category | H4: Order Type | I4: Sub Recipe Ref | J4: Ingredient Type | K4: Item Code | L4: Item / Ingredient | M4: UOM | N4: St. UOM | O4: Qty req per Batch (g/pcs) | P4: Gross Qty req Batch | Q4: Yield % | R4: No. of portions per batch | S4: Portion Size | T4: NET Qty req per portion | U4: GROSS Qty req per portion | V4: PP St. UOM | W4: Food Cost per portion
A5: RCP-SMC-00001 | B5: Gourmet360 | C5: SMC | D5: Thai shrimp curry with white rice | E5: Sunday | F5: Butchery Section | G5: Main Course | H5: Lunch | J5: Main Recipe | K5: =IFERROR(VLOOKUP(L5,'Raw material list'!$A$3:$C$715,3,0),"") -> SFD2-5320 | L5: Frz Shrimps (16/20) Without Tail | M5: Gram | N5: =VLOOKUP(L5,'Raw material list'!$A$3:$E$715,5,0) -> Gram | O5: 700 | P5: =O5/Q5*100 -> 1138.2114 | Q5: 61.5 | R5: 10 | T5: =IFERROR(O5/R5,0) -> 70 | U5: =IFERROR(P5/R5,0) -> 113.82114 | V5: =IFERROR(VLOOKUP(L5,'Raw material list'!$A$2:$S$3102,6,0),0) -> 0.115 | W5: =IFERROR(V5*U5,0) -> 13.089431
A6: RCP-SMC-00001 | B6: Gourmet360 | C6: SMC | D6: Thai shrimp curry with white rice | E6: Sunday | F6: Hot Section | G6: Main Course | H6: Lunch | K6: =IFERROR(VLOOKUP(L6,'Raw material list'!$A$3:$C$715,3,0),"") -> PRD1-4265 | L6: Fresh onion Yellow(Imported) | M6: Gram | N6: =VLOOKUP(L6,'Raw material list'!$A$3:$E$715,5,0) -> Gram | O6: 150 | P6: =O6/Q6*100 -> 176.47059 | Q6: 85 | R6: 10 | T6: =IFERROR(O6/R6,0) -> 15 | U6: =IFERROR(P6/R6,0) -> 17.647059 | V6: =IFERROR(VLOOKUP(L6,'Raw material list'!$A$2:$S$3102,6,0),0) -> 0.0035294118 | W6: =IFERROR(V6*U6,0) -> 0.062283737
A7: RCP-SMC-00001 | B7: Gourmet360 | C7: SMC | D7: Thai shrimp curry with white rice | E7: Sunday | F7: Hot Section | G7: Main Course | H7: Lunch | K7: =IFERROR(VLOOKUP(L7,'Raw material list'!$A$3:$C$715,3,0),"") -> DRS3-1813 | L7: Corn Oil (18 Liter) | M7: Ml | N7: =VLOOKUP(L7,'Raw material list'!$A$3:$E$715,5,0) -> Ml | O7: 30 | P7: =O7/Q7*100 -> 30 | Q7: 100 | R7: 10 | T7: =IFERROR(O7/R7,0) -> 3 | U7: =IFERROR(P7/R7,0) -> 3 | V7: =IFERROR(VLOOKUP(L7,'Raw material list'!$A$2:$S$3102,6,0),0) -> 0.0080555556 | W7: =IFERROR(V7*U7,0) -> 0.024166667
A8: RCP-SMC-00001 | B8: Gourmet360 | C8: SMC | D8: Thai shrimp curry with white rice | E8: Sunday | F8: Hot Section | G8: Main Course | H8: Lunch | K8: =IFERROR(VLOOKUP(L8,'Raw material list'!$A$3:$C$715,3,0),"") -> PRD1-4327 | L8: Fresh Garlic Peeled | M8: Gram | N8: =VLOOKUP(L8,'Raw material list'!$A$3:$E$715,5,0) -> Gram | O8: 10 | P8: =O8/Q8*100 -> 12.048193 | Q8: 83 | R8: 10 | T8: =IFERROR(O8/R8,0) -> 1 | U8: =IFERROR(P8/R8,0) -> 1.2048193 | V8: =IFERROR(VLOOKUP(L8,'Raw material list'!$A$2:$S$3102,6,0),0) -> 0.013 | W8: =IFERROR(V8*U8,0) -> 0.015662651
A9: RCP-SMC-00001 | B9: Gourmet360 | C9: SMC | D9: Thai shrimp curry with white rice | E9: Sunday | F9: Hot Section | G9: Main Course | H9: Lunch | K9: =IFERROR(VLOOKUP(L9,'Raw material list'!$A$3:$C$715,3,0),"") -> PRD1-204 | L9: Fresh Ginger | M9: Gram | N9: =VLOOKUP(L9,'Raw material list'!$A$3:$E$715,5,0) -> Gram | O9: 10 | P9: =O9/Q9*100 -> 12.048193 | Q9: 83 | R9: 10 | T9: =IFERROR(O9/R9,0) -> 1 | U9: =IFERROR(P9/R9,0) -> 1.2048193 | V9: =IFERROR(VLOOKUP(L9,'Raw material list'!$A$2:$S$3102,6,0),0) -> 0.0084337349 | W9: =IFERROR(V9*U9,0) -> 0.010161126
A10: RCP-SMC-00001 | B10: Gourmet360 | C10: SMC | D10: Thai shrimp curry with white rice | E10: Sunday | F10: Hot Section | G10: Main Course | H10: Lunch | K10: =IFERROR(VLOOKUP(L10,'Raw material list'!$A$3:$C$715,3,0),"") -> DRS1-472 | L10: Tom Yum Paste | M10: Gram | N10: =VLOOKUP(L10,'Raw material list'!$A$3:$E$715,5,0) -> Gram | O10: 40 | P10: =O10/Q10*100 -> 40 | Q10: 100 | R10: 10 | T10: =IFERROR(O10/R10,0) -> 4 | U10: =IFERROR(P10/R10,0) -> 4 | V10: =IFERROR(VLOOKUP(L10,'Raw material list'!$A$2:$S$3102,6,0),0) -> 0.088105727 | W10: =IFERROR(V10*U10,0) -> 0.35242291
A11: RCP-SMC-00001 | B11: Gourmet360 | C11: SMC | D11: Thai shrimp curry with white rice | E11: Sunday | F11: Hot Section | G11: Main Course | H11: Lunch | K11: =IFERROR(VLOOKUP(L11,'Raw material list'!$A$3:$C$715,3,0),"") -> DRS6-3608 | L11: Spice Curry Powder(Kg) | M11: Gram | N11: =VLOOKUP(L11,'Raw material list'!$A$3:$E$715,5,0) -> Gram | O11: 50 | P11: =O11/Q11*100 -> 50 | Q11: 100 | R11: 10 | T11: =IFERROR(O11/R11,0) -> 5 | U11: =IFERROR(P11/R11,0) -> 5 | V11: =IFERROR(VLOOKUP(L11,'Raw material list'!$A$2:$S$3102,6,0),0) -> 0.016 | W11: =IFERROR(V11*U11,0) -> 0.08
A12: RCP-SMC-00001 | B12: Gourmet360 | C12: SMC | D12: Thai shrimp curry with white rice | E12: Sunday | F12: Hot Section | G12: Main Course | H12: Lunch | K12: =IFERROR(VLOOKUP(L12,'Raw material list'!$A$3:$C$715,3,0),"") -> TAP-00001 | L12: Tap Water-Cooking | M12: Ml | N12: =VLOOKUP(L12,'Raw material list'!$A$3:$E$715,5,0) -> Ml | O12: 1200 | P12: =O12/Q12*100 -> 1200 | Q12: 100 | R12: 10 | T12: =IFERROR(O12/R12,0) -> 120 | U12: =IFERROR(P12/R12,0) -> 120 | V12: =IFERROR(VLOOKUP(L12,'Raw material list'!$A$2:$S$3102,6,0),0) -> 8e-05 | W12: =IFERROR(V12*U12,0) -> 0.0096
A13: RCP-SMC-00001 | B13: Gourmet360 | C13: SMC | D13: Thai shrimp curry with white rice | E13: Sunday | F13: Hot Section | G13: Main Course | H13: Lunch | K13: =IFERROR(VLOOKUP(L13,'Raw material list'!$A$3:$C$715,3,0),"") -> DRS1-3811 | L13: Chicken Stock Powder(Packet) | M13: Gram | N13: =VLOOKUP(L13,'Raw material list'!$A$3:$E$715,5,0) -> Gram | O13: 15 | P13: =O13/Q13*100 -> 15 | Q13: 100 | R13: 10 | T13: =IFERROR(O13/R13,0) -> 1.5 | U13: =IFERROR(P13/R13,0) -> 1.5 | V13: =IFERROR(VLOOKUP(L13,'Raw material list'!$A$2:$S$3102,6,0),0) -> 0.028475 | W13: =IFERROR(V13*U13,0) -> 0.0427125
A14: RCP-SMC-00001 | B14: Gourmet360 | C14: SMC | D14: Thai shrimp curry with white rice | E14: Sunday | F14: Hot Section | G14: Main Course | H14: Lunch | K14: =IFERROR(VLOOKUP(L14,'Raw material list'!$A$3:$C$715,3,0),"") -> PRD1-239 | L14: Fresh Sweet Pepper Green | M14: Gram | N14: =VLOOKUP(L14,'Raw material list'!$A$3:$E$715,5,0) -> Gram | O14: 80 | P14: =O14/Q14*100 -> 118.81188 | Q14: 67.333333 | R14: 10 | T14: =IFERROR(O14/R14,0) -> 8 | U14: =IFERROR(P14/R14,0) -> 11.881188 | V14: =IFERROR(VLOOKUP(L14,'Raw material list'!$A$2:$S$3102,6,0),0) -> 0.0066864785 | W14: =IFERROR(V14*U14,0) -> 0.079443308
A15: RCP-SMC-00001 | B15: Gourmet360 | C15: SMC | D15: Thai shrimp curry with white rice | E15: Sunday | F15: Hot Section | G15: Main Course | H15: Lunch | K15: =IFERROR(VLOOKUP(L15,'Raw material list'!$A$3:$C$715,3,0),"") -> PRD1-240 | L15: Fresh Sweet Pepper Red | M15: Gram | N15: =VLOOKUP(L15,'Raw material list'!$A$3:$E$715,5,0) -> Gram | O15: 80 | P15: =O15/Q15*100 -> 118.2266 | Q15: 67.666667 | R15: 10 | T15: =IFERROR(O15/R15,0) -> 8 | U15: =IFERROR(P15/R15,0) -> 11.82266 | V15: =IFERROR(VLOOKUP(L15,'Raw material list'!$A$2:$S$3102,6,0),0) -> 0.013293944 | W15: =IFERROR(V15*U15,0) -> 0.15716978
A16: RCP-SMC-00001 | B16: Gourmet360 | C16: SMC | D16: Thai shrimp curry with white rice | E16: Sunday | F16: Hot Section | G16: Main Course | H16: Lunch | K16: =IFERROR(VLOOKUP(L16,'Raw material list'!$A$3:$C$715,3,0),"") -> PRD1-241 | L16: Fresh Sweet Pepper Yellow | M16: Gram | N16: =VLOOKUP(L16,'Raw material list'!$A$3:$E$715,5,0) -> Gram | O16: 80 | P16: =O16/Q16*100 -> 117.24475 | Q16: 68.233333 | R16: 10 | T16: =IFERROR(O16/R16,0) -> 8 | U16: =IFERROR(P16/R16,0) -> 11.724475 | V16: =IFERROR(VLOOKUP(L16,'Raw material list'!$A$2:$S$3102,6,0),0) -> 0.013196481 | W16: =IFERROR(V16*U16,0) -> 0.15472181
A17: RCP-SMC-00001 | B17: Gourmet360 | C17: SMC | D17: Thai shrimp curry with white rice | E17: Sunday | F17: Hot Section | G17: Main Course | H17: Lunch | K17: =IFERROR(VLOOKUP(L17,'Raw material list'!$A$3:$C$715,3,0),"") -> DRS5-21 | L17: Flour Corn | M17: Gram | N17: =VLOOKUP(L17,'Raw material list'!$A$3:$E$715,5,0) -> Gram | O17: 60 | P17: =O17/Q17*100 -> 60 | Q17: 100 | R17: 10 | T17: =IFERROR(O17/R17,0) -> 6 | U17: =IFERROR(P17/R17,0) -> 6 | V17: =IFERROR(VLOOKUP(L17,'Raw material list'!$A$2:$S$3102,6,0),0) -> 0.00208 | W17: =IFERROR(V17*U17,0) -> 0.01248
... A662: RCP-SMC-000037 | B662: Gourmet360 | C662: SMC | D662: Beef kaldereta with soft rice | E662: Thursday | F662: Butchery Section | G662: Main Course | H662: Lunch | K662: =IFERROR(VLOOKUP(L662,'Raw material list'!$A$3:$C$715,3,0),"") -> MET2-1051 | L662: Frz Beef Tendrloin Brazil | M662: Gram | N662: =VLOOKUP(L662,'Raw material list'!$A$3:$E$715,5,0) -> Gram | O662: 1000 | P662: =O662/Q662*100 -> 1945.5253 | Q662: 51.4 | R662: 10 | T662: =IFERROR(O662/R662,0) -> 100 | U662: =IFERROR(P662/R662,0) -> 194.55253 | V662: =IFERROR(VLOOKUP(L662,'Raw material list'!$A$2:$S$3102,6,0),0) -> 0.084705882 | W662: =IFERROR(V662*U662,0) -> 16.479744
A663: RCP-SMC-000037 | B663: Gourmet360 | C663: SMC | D663: =D662 -> Beef kaldereta with soft rice | E663: Thursday | F663: Hot Section | G663: Main Course | H663: Lunch | K663: =IFERROR(VLOOKUP(L663,'Raw material list'!$A$3:$C$715,3,0),"") -> DRS3-1813 | L663: Corn Oil (18 Liter) | M663: Ml | N663: =VLOOKUP(L663,'Raw material list'!$A$3:$E$715,5,0) -> Ml | O663: 40 | P663: =O663/Q663*100 -> 40 | Q663: 100 | R663: 10 | T663: =IFERROR(O663/R663,0) -> 4 | U663: =IFERROR(P663/R663,0) -> 4 | V663: =IFERROR(VLOOKUP(L663,'Raw material list'!$A$2:$S$3102,6,0),0) -> 0.0080555556 | W663: =IFERROR(V663*U663,0) -> 0.032222222
A664: RCP-SMC-000037 | B664: Gourmet360 | C664: SMC | D664: =D663 -> Beef kaldereta with soft rice | E664: Thursday | F664: Hot Section | G664: Main Course | H664: Lunch | K664: =IFERROR(VLOOKUP(L664,'Raw material list'!$A$3:$C$715,3,0),"") -> PRD1-4327 | L664: Fresh Garlic Peeled | M664: Gram | N664: =VLOOKUP(L664,'Raw material list'!$A$3:$E$715,5,0) -> Gram | O664: 20 | P664: =O664/Q664*100 -> 24.096386 | Q664: 83 | R664: 10 | T664: =IFERROR(O664/R664,0) -> 2 | U664: =IFERROR(P664/R664,0) -> 2.4096386 | V664: =IFERROR(VLOOKUP(L664,'Raw material list'!$A$2:$S$3102,6,0),0) -> 0.013 | W664: =IFERROR(V664*U664,0) -> 0.031325301
A665: RCP-SMC-000037 | B665: Gourmet360 | C665: SMC | D665: =D664 -> Beef kaldereta with soft rice | E665: Thursday | F665: Hot Section | G665: Main Course | H665: Lunch | K665: =IFERROR(VLOOKUP(L665,'Raw material list'!$A$3:$C$715,3,0),"") -> PRD1-204 | L665: Fresh Ginger | M665: Gram | N665: =VLOOKUP(L665,'Raw material list'!$A$3:$E$715,5,0) -> Gram | O665: 25 | P665: =O665/Q665*100 -> 30.120482 | Q665: 83 | R665: 10 | T665: =IFERROR(O665/R665,0) -> 2.5 | U665: =IFERROR(P665/R665,0) -> 3.0120482 | V665: =IFERROR(VLOOKUP(L665,'Raw material list'!$A$2:$S$3102,6,0),0) -> 0.0084337349 | W665: =IFERROR(V665*U665,0) -> 0.025402816
A666: RCP-SMC-000037 | B666: Gourmet360 | C666: SMC | D666: =D665 -> Beef kaldereta with soft rice | E666: Thursday | F666: Hot Section | G666: Main Course | H666: Lunch | K666: =IFERROR(VLOOKUP(L666,'Raw material list'!$A$3:$C$715,3,0),"") -> DRS1-3912 | L666: Soya Sauce,Sempio (930 Mliter) | M666: Ml | N666: =VLOOKUP(L666,'Raw material list'!$A$3:$E$715,5,0) -> Ml | O666: 50 | P666: =O666/Q666*100 -> 50 | Q666: 100 | R666: 10 | T666: =IFERROR(O666/R666,0) -> 5 | U666: =IFERROR(P666/R666,0) -> 5 | V666: =IFERROR(VLOOKUP(L666,'Raw material list'!$A$2:$S$3102,6,0),0) -> 0.014731707 | W666: =IFERROR(V666*U666,0) -> 0.073658537
A667: RCP-SMC-000037 | B667: Gourmet360 | C667: SMC | D667: =D666 -> Beef kaldereta with soft rice | E667: Thursday | F667: Hot Section | G667: Main Course | H667: Lunch | K667: =IFERROR(VLOOKUP(L667,'Raw material list'!$A$3:$C$715,3,0),"") -> DRS6-3593 | L667: Spices Bay Leaves | M667: Gram | N667: =VLOOKUP(L667,'Raw material list'!$A$3:$E$715,5,0) -> Gram | O667: 1 | P667: =O667/Q667*100 -> 1 | Q667: 100 | R667: 10 | T667: =IFERROR(O667/R667,0) -> 0.1 | U667: =IFERROR(P667/R667,0) -> 0.1 | V667: =IFERROR(VLOOKUP(L667,'Raw material list'!$A$2:$S$3102,6,0),0) -> 0.008 | W667: =IFERROR(V667*U667,0) -> 0.0008
A668: RCP-SMC-000037 | B668: Gourmet360 | C668: SMC | D668: =D667 -> Beef kaldereta with soft rice | E668: Thursday | F668: Hot Section | G668: Main Course | H668: Lunch | K668: =IFERROR(VLOOKUP(L668,'Raw material list'!$A$3:$C$715,3,0),"") -> DRS1-978 | L668: Sugar Fine(50 KG) | M668: Gram | N668: =VLOOKUP(L668,'Raw material list'!$A$3:$E$715,5,0) -> Gram | O668: 30 | P668: =O668/Q668*100 -> 30 | Q668: 100 | R668: 10 | T668: =IFERROR(O668/R668,0) -> 3 | U668: =IFERROR(P668/R668,0) -> 3 | V668: =IFERROR(VLOOKUP(L668,'Raw material list'!$A$2:$S$3102,6,0),0) -> 0.0024 | W668: =IFERROR(V668*U668,0) -> 0.0072
A669: RCP-SMC-000037 | B669: Gourmet360 | C669: SMC | D669: =D668 -> Beef kaldereta with soft rice | E669: Thursday | F669: Hot Section | G669: Main Course | H669: Lunch | K669: =IFERROR(VLOOKUP(L669,'Raw material list'!$A$3:$C$715,3,0),"") -> DRS1-1747 | L669: Can Tomato Paste (4500 Gram) | M669: Gram | N669: =VLOOKUP(L669,'Raw material list'!$A$3:$E$715,5,0) -> Gram | O669: 100 | P669: =O669/Q669*100 -> 100 | Q669: 100 | R669: 10 | T669: =IFERROR(O669/R669,0) -> 10 | U669: =IFERROR(P669/R669,0) -> 10 | V669: =IFERROR(VLOOKUP(L669,'Raw material list'!$A$2:$S$3102,6,0),0) -> 0.0051851852 | W669: =IFERROR(V669*U669,0) -> 0.051851852
A670: RCP-SMC-000037 | B670: Gourmet360 | C670: SMC | D670: =D669 -> Beef kaldereta with soft rice | E670: Thursday | F670: Hot Section | G670: Main Course | H670: Lunch | K670: =IFERROR(VLOOKUP(L670,'Raw material list'!$A$3:$C$715,3,0),"") -> TAP-00001 | L670: Tap Water-Cooking | M670: Ml | N670: =VLOOKUP(L670,'Raw material list'!$A$3:$E$715,5,0) -> Ml | O670: 1800 | P670: =O670/Q670*100 -> 1800 | Q670: 100 | R670: 10 | T670: =IFERROR(O670/R670,0) -> 180 | U670: =IFERROR(P670/R670,0) -> 180 | V670: =IFERROR(VLOOKUP(L670,'Raw material list'!$A$2:$S$3102,6,0),0) -> 8e-05 | W670: =IFERROR(V670*U670,0) -> 0.0144
A671: RCP-SMC-000037 | B671: Gourmet360 | C671: SMC | D671: =D670 -> Beef kaldereta with soft rice | E671: Thursday | F671: Hot Section | G671: Main Course | H671: Lunch | K671: =IFERROR(VLOOKUP(L671,'Raw material list'!$A$3:$C$715,3,0),"") -> PRD1-240 | L671: Fresh Sweet Pepper Red | M671: Gram | N671: =VLOOKUP(L671,'Raw material list'!$A$3:$E$715,5,0) -> Gram | O671: 100 | P671: =O671/Q671*100 -> 147.78325 | Q671: 67.666667 | R671: 10 | T671: =IFERROR(O671/R671,0) -> 10 | U671: =IFERROR(P671/R671,0) -> 14.778325 | V671: =IFERROR(VLOOKUP(L671,'Raw material list'!$A$2:$S$3102,6,0),0) -> 0.013293944 | W671: =IFERROR(V671*U671,0) -> 0.19646222
A672: RCP-SMC-000037 | B672: Gourmet360 | C672: SMC | D672: =D671 -> Beef kaldereta with soft rice | E672: Thursday | F672: Hot Section | G672: Main Course | H672: Lunch | K672: =IFERROR(VLOOKUP(L672,'Raw material list'!$A$3:$C$715,3,0),"") -> PRD1-186 | L672: Fresh Carrot Imported | M672: Gram | N672: =VLOOKUP(L672,'Raw material list'!$A$3:$E$715,5,0) -> Gram | O672: 300 | P672: =O672/Q672*100 -> 367.34694 | Q672: 81.666667 | R672: 10 | T672: =IFERROR(O672/R672,0) -> 30 | U672: =IFERROR(P672/R672,0) -> 36.734694 | V672: =IFERROR(VLOOKUP(L672,'Raw material list'!$A$2:$S$3102,6,0),0) -> 0.0058139535 | W672: =IFERROR(V672*U672,0) -> 0.2135738
A673: RCP-SMC-000037 | B673: Gourmet360 | C673: SMC | D673: =D672 -> Beef kaldereta with soft rice | E673: Thursday | F673: Hot Section | G673: Main Course | H673: Lunch | K673: =IFERROR(VLOOKUP(L673,'Raw material list'!$A$3:$C$715,3,0),"") -> PRD1-230 | L673: Fresh Potato | M673: Gram | N673: =VLOOKUP(L673,'Raw material list'!$A$3:$E$715,5,0) -> Gram | O673: 400 | P673: =O673/Q673*100 -> 539.81107 | Q673: 74.1 | R673: 10 | T673: =IFERROR(O673/R673,0) -> 40 | U673: =IFERROR(P673/R673,0) -> 53.981107 | V673: =IFERROR(VLOOKUP(L673,'Raw material list'!$A$2:$S$3102,6,0),0) -> 0.0033738192 | W673: =IFERROR(V673*U673,0) -> 0.18212249
A674: RCP-SMC-000037 | B674: Gourmet360 | C674: SMC | D674: =D673 -> Beef kaldereta with soft rice | E674: Thursday | F674: Hot Section | G674: Main Course | H674: Lunch | K674: =IFERROR(VLOOKUP(L674,'Raw material list'!$A$3:$C$715,3,0),"") -> DRS1-110 | L674: Sauce Oyster | M674: Ml | N674: =VLOOKUP(L674,'Raw material list'!$A$3:$E$715,5,0) -> Ml | O674: 200 | P674: =O674/Q674*100 -> 200 | Q674: 100 | R674: 10 | T674: =IFERROR(O674/R674,0) -> 20 | U674: =IFERROR(P674/R674,0) -> 20 | V674: =IFERROR(VLOOKUP(L674,'Raw material list'!$A$2:$S$3102,6,0),0) -> 0.01805 | W674: =IFERROR(V674*U674,0) -> 0.361
... A679: RCP-SMC-000037 | B679: Gourmet360 | C679: SMC | D679: =D678 -> Beef kaldereta with soft rice | E679: Thursday | F679: Hot Section | G679: Main Course | H679: Lunch | K679: =IFERROR(VLOOKUP(L679,'Raw material list'!$A$3:$C$715,3,0),"") -> PRD1-241 | L679: Fresh Sweet Pepper Yellow | M679: Gram | N679: =VLOOKUP(L679,'Raw material list'!$A$3:$E$715,5,0) -> Gram | O679: 100 | P679: =O679/Q679*100 -> 146.55594 | Q679: 68.233333 | R679: 10 | T679: =IFERROR(O679/R679,0) -> 10 | U679: =IFERROR(P679/R679,0) -> 14.655594 | V679: =IFERROR(VLOOKUP(L679,'Raw material list'!$A$2:$S$3102,6,0),0) -> 0.013196481 | W679: =IFERROR(V679*U679,0) -> 0.19340226
A680: RCP-SMC-000038 | B680: Gourmet360 | C680: SMC | D680: Meat Mandi with tahina sauce | E680: Thursday | F680: Hot Section | G680: Main Course | H680: Lunch | K680: =IFERROR(VLOOKUP(L680,'Raw material list'!$A$3:$C$715,3,0),"") -> DRS3-1813 | L680: Corn Oil (18 Liter) | M680: Ml | N680: =VLOOKUP(L680,'Raw material list'!$A$3:$E$715,5,0) -> Ml | O680: 40 | P680: =O680/Q680*100 -> 40 | Q680: 100 | R680: 10 | T680: =IFERROR(O680/R680,0) -> 4 | U680: =IFERROR(P680/R680,0) -> 4 | V680: =IFERROR(VLOOKUP(L680,'Raw material list'!$A$2:$S$3102,6,0),0) -> 0.0080555556 | W680: =IFERROR(V680*U680,0) -> 0.032222222
A681: RCP-SMC-000038 | B681: Gourmet360 | C681: SMC | D681: =D680 -> Meat Mandi with tahina sauce | E681: Thursday | F681: Hot Section | G681: Main Course | H681: Lunch | K681: =IFERROR(VLOOKUP(L681,'Raw material list'!$A$3:$C$715,3,0),"") -> PRD1-4265 | L681: Fresh onion Yellow(Imported) | M681: Gram | N681: =VLOOKUP(L681,'Raw material list'!$A$3:$E$715,5,0) -> Gram | O681: 150 | P681: =O681/Q681*100 -> 176.47059 | Q681: 85 | R681: 10 | T681: =IFERROR(O681/R681,0) -> 15 | U681: =IFERROR(P681/R681,0) -> 17.647059 | V681: =IFERROR(VLOOKUP(L681,'Raw material list'!$A$2:$S$3102,6,0),0) -> 0.0035294118 | W681: =IFERROR(V681*U681,0) -> 0.062283737
A682: RCP-SMC-000038 | B682: Gourmet360 | C682: SMC | D682: =D681 -> Meat Mandi with tahina sauce | E682: Thursday | F682: Hot Section | G682: Main Course | H682: Lunch | K682: =IFERROR(VLOOKUP(L682,'Raw material list'!$A$3:$C$715,3,0),"") -> PRD1-4327 | L682: Fresh Garlic Peeled | M682: Gram | N682: =VLOOKUP(L682,'Raw material list'!$A$3:$E$715,5,0) -> Gram | O682: 10 | P682: =O682/Q682*100 -> 12.048193 | Q682: 83 | R682: 10 | T682: =IFERROR(O682/R682,0) -> 1 | U682: =IFERROR(P682/R682,0) -> 1.2048193 | V682: =IFERROR(VLOOKUP(L682,'Raw material list'!$A$2:$S$3102,6,0),0) -> 0.013 | W682: =IFERROR(V682*U682,0) -> 0.015662651
A683: RCP-SMC-000038 | B683: Gourmet360 | C683: SMC | D683: =D682 -> Meat Mandi with tahina sauce | E683: Thursday | F683: Hot Section | G683: Main Course | H683: Lunch | K683: =IFERROR(VLOOKUP(L683,'Raw material list'!$A$3:$C$715,3,0),"") -> DRS1-304 | L683: Food Color Yellow(Saffron) | M683: Gram | N683: =VLOOKUP(L683,'Raw material list'!$A$3:$E$715,5,0) -> Gram | O683: 1 | P683: =O683/Q683*100 -> 1 | Q683: 100 | R683: 10 | T683: =IFERROR(O683/R683,0) -> 0.1 | U683: =IFERROR(P683/R683,0) -> 0.1 | V683: =IFERROR(VLOOKUP(L683,'Raw material list'!$A$2:$S$3102,6,0),0) -> 0.0208 | W683: =IFERROR(V683*U683,0) -> 0.00208
A684: RCP-SMC-000038 | B684: Gourmet360 | C684: SMC | D684: =D683 -> Meat Mandi with tahina sauce | E684: Thursday | F684: Hot Section | G684: Main Course | H684: Lunch | K684: =IFERROR(VLOOKUP(L684,'Raw material list'!$A$3:$C$715,3,0),"") -> TAP-00001 | L684: Tap Water-Cooking | M684: Ml | N684: =VLOOKUP(L684,'Raw material list'!$A$3:$E$715,5,0) -> Ml | O684: 1800 | P684: =O684/Q684*100 -> 1800 | Q684: 100 | R684: 10 | T684: =IFERROR(O684/R684,0) -> 180 | U684: =IFERROR(P684/R684,0) -> 180 | V684: =IFERROR(VLOOKUP(L684,'Raw material list'!$A$2:$S$3102,6,0),0) -> 8e-05 | W684: =IFERROR(V684*U684,0) -> 0.0144
A685: RCP-SMC-000038 | B685: Gourmet360 | C685: SMC | D685: =D684 -> Meat Mandi with tahina sauce | E685: Thursday | F685: Hot Section | G685: Main Course | H685: Lunch | K685: =IFERROR(VLOOKUP(L685,'Raw material list'!$A$3:$C$715,3,0),"") -> DRS4-498 | L685: Rice Basmati | M685: Gram | N685: =VLOOKUP(L685,'Raw material list'!$A$3:$E$715,5,0) -> Gram | O685: 1000 | P685: =O685/Q685*100 -> 1000 | Q685: 100 | R685: 10 | T685: =IFERROR(O685/R685,0) -> 100 | U685: =IFERROR(P685/R685,0) -> 100 | V685: =IFERROR(VLOOKUP(L685,'Raw material list'!$A$2:$S$3102,6,0),0) -> 0.00575 | W685: =IFERROR(V685*U685,0) -> 0.575
A686: RCP-SMC-000038 | B686: Gourmet360 | C686: SMC | D686: =D685 -> Meat Mandi with tahina sauce | E686: Thursday | F686: Hot Section | G686: Main Course | H686: Lunch | K686: =IFERROR(VLOOKUP(L686,'Raw material list'!$A$3:$C$715,3,0),"") -> DRS1-3811 | L686: Chicken Stock Powder(Packet) | M686: Gram | N686: =VLOOKUP(L686,'Raw material list'!$A$3:$E$715,5,0) -> Gram | O686: 20 | P686: =O686/Q686*100 -> 20 | Q686: 100 | R686: 10 | T686: =IFERROR(O686/R686,0) -> 2 | U686: =IFERROR(P686/R686,0) -> 2 | V686: =IFERROR(VLOOKUP(L686,'Raw material list'!$A$2:$S$3102,6,0),0) -> 0.028475 | W686: =IFERROR(V686*U686,0) -> 0.05695
A687: RCP-SMC-000038 | B687: Gourmet360 | C687: SMC | D687: =D686 -> Meat Mandi with tahina sauce | E687: Thursday | F687: Hot Section | G687: Main Course | H687: Lunch | K687: =IFERROR(VLOOKUP(L687,'Raw material list'!$A$3:$C$715,3,0),"") -> DRY2-1008 | L687: Butter 82% Fat(Unsalted) 25 kg | M687: Gram | N687: =VLOOKUP(L687,'Raw material list'!$A$3:$E$715,5,0) -> Gram | O687: 20 | P687: =O687/Q687*100 -> 20 | Q687: 100 | R687: 10 | T687: =IFERROR(O687/R687,0) -> 2 | U687: =IFERROR(P687/R687,0) -> 2 | V687: =IFERROR(VLOOKUP(L687,'Raw material list'!$A$2:$S$3102,6,0),0) -> 0.03 | W687: =IFERROR(V687*U687,0) -> 0.06
A688: RCP-SMC-000038 | B688: Gourmet360 | C688: SMC | D688: =D687 -> Meat Mandi with tahina sauce | E688: Thursday | F688: Hot Section | G688: Main Course | H688: Lunch | K688: =IFERROR(VLOOKUP(L688,'Raw material list'!$A$3:$C$715,3,0),"") -> DRS6-1020 | L688: Spices Cloves Seeds | M688: Gram | N688: =VLOOKUP(L688,'Raw material list'!$A$3:$E$715,5,0) -> Gram | O688: 1 | P688: =O688/Q688*100 -> 1 | Q688: 100 | R688: 10 | T688: =IFERROR(O688/R688,0) -> 0.1 | U688: =IFERROR(P688/R688,0) -> 0.1 | V688: =IFERROR(VLOOKUP(L688,'Raw material list'!$A$2:$S$3102,6,0),0) -> 0.055 | W688: =IFERROR(V688*U688,0) -> 0.0055
A689: RCP-SMC-000038 | B689: Gourmet360 | C689: SMC | D689: =D688 -> Meat Mandi with tahina sauce | E689: Thursday | F689: Hot Section | G689: Main Course | H689: Lunch | K689: =IFERROR(VLOOKUP(L689,'Raw material list'!$A$3:$C$715,3,0),"") -> PRD3-1675 | L689: Dry Lemon Black(1 Kg) | M689: Gram | N689: =VLOOKUP(L689,'Raw material list'!$A$3:$E$715,5,0) -> Gram | O689: 2 | P689: =O689/Q689*100 -> 2 | Q689: 100 | R689: 10 | T689: =IFERROR(O689/R689,0) -> 0.2 | U689: =IFERROR(P689/R689,0) -> 0.2 | V689: =IFERROR(VLOOKUP(L689,'Raw material list'!$A$2:$S$3102,6,0),0) -> 0.012 | W689: =IFERROR(V689*U689,0) -> 0.0024
A690: RCP-SMC-000038 | B690: Gourmet360 | C690: SMC | D690: =D689 -> Meat Mandi with tahina sauce | E690: Thursday | F690: Hot Section | G690: Main Course | H690: Lunch | K690: =IFERROR(VLOOKUP(L690,'Raw material list'!$A$3:$C$715,3,0),"") -> DRS6-260 | L690: Spices Cinnamon Powder | M690: Gram | N690: =VLOOKUP(L690,'Raw material list'!$A$3:$E$715,5,0) -> Gram | O690: 2 | P690: =O690/Q690*100 -> 2 | Q690: 100 | R690: 10 | T690: =IFERROR(O690/R690,0) -> 0.2 | U690: =IFERROR(P690/R690,0) -> 0.2 | V690: =IFERROR(VLOOKUP(L690,'Raw material list'!$A$2:$S$3102,6,0),0) -> 0.02 | W690: =IFERROR(V690*U690,0) -> 0.004
A691: RCP-SMC-000038 | B691: Gourmet360 | C691: SMC | D691: =D690 -> Meat Mandi with tahina sauce | E691: Thursday | F691: Hot Section | G691: Main Course | H691: Lunch | K691: =IFERROR(VLOOKUP(L691,'Raw material list'!$A$3:$C$715,3,0),"") -> DRS6-539 | L691: Spices Cardamon Seeds | M691: Gram | N691: =VLOOKUP(L691,'Raw material list'!$A$3:$E$715,5,0) -> Gram | O691: 4 | P691: =O691/Q691*100 -> 4 | Q691: 100 | R691: 10 | T691: =IFERROR(O691/R691,0) -> 0.4 | U691: =IFERROR(P691/R691,0) -> 0.4 | V691: =IFERROR(VLOOKUP(L691,'Raw material list'!$A$2:$S$3102,6,0),0) -> 0.16 | W691: =IFERROR(V691*U691,0) -> 0.064
A692: RCP-SMC-000038 | B692: Gourmet360 | C692: SMC | D692: =D691 -> Meat Mandi with tahina sauce | E692: Thursday | F692: Hot Section | G692: Main Course | H692: Lunch | K692: =IFERROR(VLOOKUP(L692,'Raw material list'!$A$3:$C$715,3,0),"") -> DRS1-103 | L692: Tahina Liquid(10Kg) | M692: Gram | N692: =VLOOKUP(L692,'Raw material list'!$A$3:$E$715,5,0) -> Gram | O692: 150 | P692: =O692/Q692*100 -> 150 | Q692: 100 | R692: 10 | T692: =IFERROR(O692/R692,0) -> 15 | U692: =IFERROR(P692/R692,0) -> 15 | V692: =IFERROR(VLOOKUP(L692,'Raw material list'!$A$2:$S$3102,6,0),0) -> 0.011 | W692: =IFERROR(V692*U692,0) -> 0.165
... A705: RCP-SMC-000038 | B705: Gourmet360 | C705: SMC | D705: =D704 -> Meat Mandi with tahina sauce | E705: Thursday | F705: Hot Section | G705: Main Course | H705: Lunch | K705: =IFERROR(VLOOKUP(L705,'Raw material list'!$A$3:$C$715,3,0),"") -> DRS6-3593 | L705: Spices Bay Leaves | M705: Gram | N705: =VLOOKUP(L705,'Raw material list'!$A$3:$E$715,5,0) -> Gram | O705: 2 | P705: =O705/Q705*100 -> 2 | Q705: 100 | R705: 10 | T705: =IFERROR(O705/R705,0) -> 0.2 | U705: =IFERROR(P705/R705,0) -> 0.2 | V705: =IFERROR(VLOOKUP(L705,'Raw material list'!$A$2:$S$3102,6,0),0) -> 0.008 | W705: =IFERROR(V705*U705,0) -> 0.0016
A706: RCP-SMC-000039 | B706: Gourmet360 | C706: SMC | D706: Chicken Fajita Sandwich | E706: Thursday | F706: Butchery Section | G706: Main Course | H706: Dinner | K706: =IFERROR(VLOOKUP(L706,'Raw material list'!$A$3:$C$715,3,0),"") -> PLT2-3278 | L706: Frz Chicken Breast Tender (KG) | M706: Gram | N706: =VLOOKUP(L706,'Raw material list'!$A$3:$E$715,5,0) -> Gram | O706: 700 | P706: =O706/Q706*100 -> 918.63517 | Q706: 76.2 | R706: 10 | T706: =IFERROR(O706/R706,0) -> 70 | U706: =IFERROR(P706/R706,0) -> 91.863517 | V706: =IFERROR(VLOOKUP(L706,'Raw material list'!$A$2:$S$3102,6,0),0) -> 0.030357143 | W706: =IFERROR(V706*U706,0) -> 2.7887139
A707: RCP-SMC-000039 | B707: Gourmet360 | C707: SMC | D707: =D706 -> Chicken Fajita Sandwich | E707: Thursday | F707: Hot Section | G707: Main Course | H707: Dinner | K707: =IFERROR(VLOOKUP(L707,'Raw material list'!$A$3:$C$715,3,0),"") -> PRD1-4265 | L707: Fresh onion Yellow(Imported) | M707: Gram | N707: =VLOOKUP(L707,'Raw material list'!$A$3:$E$715,5,0) -> Gram | O707: 250 | P707: =O707/Q707*100 -> 294.11765 | Q707: 85 | R707: 10 | T707: =IFERROR(O707/R707,0) -> 25 | U707: =IFERROR(P707/R707,0) -> 29.411765 | V707: =IFERROR(VLOOKUP(L707,'Raw material list'!$A$2:$S$3102,6,0),0) -> 0.0035294118 | W707: =IFERROR(V707*U707,0) -> 0.10380623
A708: RCP-SMC-000039 | B708: Gourmet360 | C708: SMC | D708: =D707 -> Chicken Fajita Sandwich | E708: Thursday | F708: Hot Section | G708: Main Course | H708: Dinner | K708: =IFERROR(VLOOKUP(L708,'Raw material list'!$A$3:$C$715,3,0),"") -> PRD1-240 | L708: Fresh Sweet Pepper Red | M708: Gram | N708: =VLOOKUP(L708,'Raw material list'!$A$3:$E$715,5,0) -> Gram | O708: 100 | P708: =O708/Q708*100 -> 147.78325 | Q708: 67.666667 | R708: 10 | T708: =IFERROR(O708/R708,0) -> 10 | U708: =IFERROR(P708/R708,0) -> 14.778325 | V708: =IFERROR(VLOOKUP(L708,'Raw material list'!$A$2:$S$3102,6,0),0) -> 0.013293944 | W708: =IFERROR(V708*U708,0) -> 0.19646222
A709: RCP-SMC-000039 | B709: Gourmet360 | C709: SMC | D709: =D708 -> Chicken Fajita Sandwich | E709: Thursday | F709: Hot Section | G709: Main Course | H709: Dinner | K709: =IFERROR(VLOOKUP(L709,'Raw material list'!$A$3:$C$715,3,0),"") -> DRS1-1142 | L709: Soya Sauce Kikkoman(Liter) | M709: Ml | N709: =VLOOKUP(L709,'Raw material list'!$A$3:$E$715,5,0) -> Ml | O709: 50 | P709: =O709/Q709*100 -> 50 | Q709: 100 | R709: 10 | T709: =IFERROR(O709/R709,0) -> 5 | U709: =IFERROR(P709/R709,0) -> 5 | V709: =IFERROR(VLOOKUP(L709,'Raw material list'!$A$2:$S$3102,6,0),0) -> 0.02358 | W709: =IFERROR(V709*U709,0) -> 0.1179
A710: RCP-SMC-000039 | B710: Gourmet360 | C710: SMC | D710: =D709 -> Chicken Fajita Sandwich | E710: Thursday | F710: Hot Section | G710: Main Course | H710: Dinner | K710: =IFERROR(VLOOKUP(L710,'Raw material list'!$A$3:$C$715,3,0),"") -> BKR1-1328 | L710: Bread Jumbo Sandwich White 400007 | M710: Each | N710: =VLOOKUP(L710,'Raw material list'!$A$3:$E$715,5,0) -> Each | O710: 10 | P710: =O710/Q710*100 -> 10 | Q710: 100 | R710: 10 | T710: =IFERROR(O710/R710,0) -> 1 | U710: =IFERROR(P710/R710,0) -> 1 | V710: =IFERROR(VLOOKUP(L710,'Raw material list'!$A$2:$S$3102,6,0),0) -> 1 | W710: =IFERROR(V710*U710,0) -> 1
A711: RCP-SMC-000039 | B711: Gourmet360 | C711: SMC | D711: =D710 -> Chicken Fajita Sandwich | E711: Thursday | F711: Hot Section | G711: Main Course | H711: Dinner | K711: =IFERROR(VLOOKUP(L711,'Raw material list'!$A$3:$C$715,3,0),"") -> DRY1-3344 | L711: Cheese Cheddar Sliced Red(KG) | M711: Gram | N711: =VLOOKUP(L711,'Raw material list'!$A$3:$E$715,5,0) -> Gram | O711: 200 | P711: =O711/Q711*100 -> 200 | Q711: 100 | R711: 10 | T711: =IFERROR(O711/R711,0) -> 20 | U711: =IFERROR(P711/R711,0) -> 20 | V711: =IFERROR(VLOOKUP(L711,'Raw material list'!$A$2:$S$3102,6,0),0) -> 0.023 | W711: =IFERROR(V711*U711,0) -> 0.46
A712: RCP-SMC-000039 | B712: Gourmet360 | C712: SMC | D712: =D711 -> Chicken Fajita Sandwich | E712: Thursday | F712: Hot Section | G712: Main Course | H712: Dinner | K712: =IFERROR(VLOOKUP(L712,'Raw material list'!$A$3:$C$715,3,0),"") -> DRS1-4181 | L712: Avocado Paste | M712: Gram | N712: =VLOOKUP(L712,'Raw material list'!$A$3:$E$715,5,0) -> Gram | O712: 200 | P712: =O712/Q712*100 -> 200 | Q712: 100 | R712: 10 | T712: =IFERROR(O712/R712,0) -> 20 | U712: =IFERROR(P712/R712,0) -> 20 | V712: =IFERROR(VLOOKUP(L712,'Raw material list'!$A$2:$S$3102,6,0),0) -> 0.032 | W712: =IFERROR(V712*U712,0) -> 0.64
A713: RCP-SMC-000039 | B713: Gourmet360 | C713: SMC | D713: =D712 -> Chicken Fajita Sandwich | E713: Thursday | F713: Hot Section | G713: Main Course | H713: Dinner | K713: =IFERROR(VLOOKUP(L713,'Raw material list'!$A$3:$C$715,3,0),"") -> PRD1-239 | L713: Fresh Sweet Pepper Green | M713: Gram | N713: =VLOOKUP(L713,'Raw material list'!$A$3:$E$715,5,0) -> Gram | O713: 100 | P713: =O713/Q713*100 -> 148.51485 | Q713: 67.333333 | R713: 10 | T713: =IFERROR(O713/R713,0) -> 10 | U713: =IFERROR(P713/R713,0) -> 14.851485 | V713: =IFERROR(VLOOKUP(L713,'Raw material list'!$A$2:$S$3102,6,0),0) -> 0.0066864785 | W713: =IFERROR(V713*U713,0) -> 0.099304135
A714: RCP-SMC-000039 | B714: Gourmet360 | C714: SMC | D714: =D713 -> Chicken Fajita Sandwich | E714: Thursday | F714: Hot Section | G714: Main Course | H714: Dinner | K714: =IFERROR(VLOOKUP(L714,'Raw material list'!$A$3:$C$715,3,0),"") -> PRD1-241 | L714: Fresh Sweet Pepper Yellow | M714: Gram | N714: =VLOOKUP(L714,'Raw material list'!$A$3:$E$715,5,0) -> Gram | O714: 100 | P714: =O714/Q714*100 -> 146.55594 | Q714: 68.233333 | R714: 10 | T714: =IFERROR(O714/R714,0) -> 10 | U714: =IFERROR(P714/R714,0) -> 14.655594 | V714: =IFERROR(VLOOKUP(L714,'Raw material list'!$A$2:$S$3102,6,0),0) -> 0.013196481 | W714: =IFERROR(V714*U714,0) -> 0.19340226
A715: RCP-SMC-000039 | B715: Gourmet360 | C715: SMC | D715: =D714 -> Chicken Fajita Sandwich | E715: Thursday | F715: Hot Section | G715: Main Course | H715: Dinner | K715: =IFERROR(VLOOKUP(L715,'Raw material list'!$A$3:$C$715,3,0),"") -> PRD2-1166 | L715: Frz Potato Wedges | M715: Gram | N715: =VLOOKUP(L715,'Raw material list'!$A$3:$E$715,5,0) -> Gram | O715: 700 | P715: =O715/Q715*100 -> 700 | Q715: 100 | R715: 10 | T715: =IFERROR(O715/R715,0) -> 70 | U715: =IFERROR(P715/R715,0) -> 70 | V715: =IFERROR(VLOOKUP(L715,'Raw material list'!$A$2:$S$3102,6,0),0) -> 0.0105 | W715: =IFERROR(V715*U715,0) -> 0.735
A716: RCP-SMC-000039 | B716: Gourmet360 | C716: SMC | D716: =D715 -> Chicken Fajita Sandwich | E716: Thursday | F716: Hot Section | G716: Main Course | H716: Dinner | K716: =IFERROR(VLOOKUP(L716,'Raw material list'!$A$3:$C$715,3,0),"") -> DRS3-1813 | L716: Corn Oil (18 Liter) | M716: Ml | N716: =VLOOKUP(L716,'Raw material list'!$A$3:$E$715,5,0) -> Ml | O716: 250 | P716: =O716/Q716*100 -> 250 | Q716: 100 | R716: 10 | T716: =IFERROR(O716/R716,0) -> 25 | U716: =IFERROR(P716/R716,0) -> 25 | V716: =IFERROR(VLOOKUP(L716,'Raw material list'!$A$2:$S$3102,6,0),0) -> 0.0080555556 | W716: =IFERROR(V716*U716,0) -> 0.20138889
A717: RCP-SMC-000039 | B717: Gourmet360 | C717: SMC | D717: =D716 -> Chicken Fajita Sandwich | E717: Thursday | F717: Hot Section | G717: Main Course | H717: Dinner | K717: =IFERROR(VLOOKUP(L717,'Raw material list'!$A$3:$C$715,3,0),"") -> DRS1-3880 | L717: Salt | M717: Gram | N717: =VLOOKUP(L717,'Raw material list'!$A$3:$E$715,5,0) -> Gram | O717: 5 | P717: =O717/Q717*100 -> 5 | Q717: 100 | R717: 10 | T717: =IFERROR(O717/R717,0) -> 0.5 | U717: =IFERROR(P717/R717,0) -> 0.5 | V717: =IFERROR(VLOOKUP(L717,'Raw material list'!$A$2:$S$3102,6,0),0) -> 0.0005 | W717: =IFERROR(V717*U717,0) -> 0.00025
A718: RCP-SMC-000040 | B718: Gourmet360 | C718: SMC | D718: Greek meat moussaka with vermicelli rice | E718: Thursday | F718: Hot Section | G718: Main Course | H718: Dinner | K718: =IFERROR(VLOOKUP(L718,'Raw material list'!$A$3:$C$715,3,0),"") -> PRD1-230 | L718: Fresh Potato | M718: Gram | N718: =VLOOKUP(L718,'Raw material list'!$A$3:$E$715,5,0) -> Gram | O718: 1500 | P718: =O718/Q718*100 -> 2024.2915 | Q718: 74.1 | R718: 15 | T718: =IFERROR(O718/R718,0) -> 100 | U718: =IFERROR(P718/R718,0) -> 134.95277 | V718: =IFERROR(VLOOKUP(L718,'Raw material list'!$A$2:$S$3102,6,0),0) -> 0.0033738192 | W718: =IFERROR(V718*U718,0) -> 0.45530623
A719: RCP-SMC-000040 | B719: Gourmet360 | C719: SMC | D719: =D718 -> Greek meat moussaka with vermicelli rice | E719: Thursday | F719: Hot Section | G719: Main Course | H719: Dinner | K719: =IFERROR(VLOOKUP(L719,'Raw material list'!$A$3:$C$715,3,0),"") -> PRD1-201 | L719: Fresh Eggplant | M719: Gram | N719: =VLOOKUP(L719,'Raw material list'!$A$3:$E$715,5,0) -> Gram | O719: 2500 | P719: =O719/Q719*100 -> 3571.4286 | Q719: 70 | R719: 15 | T719: =IFERROR(O719/R719,0) -> 166.66667 | U719: =IFERROR(P719/R719,0) -> 238.09524 | V719: =IFERROR(VLOOKUP(L719,'Raw material list'!$A$2:$S$3102,6,0),0) -> 0.0042857143 | W719: =IFERROR(V719*U719,0) -> 1.0204082
A720: RCP-SMC-000040 | B720: Gourmet360 | C720: SMC | D720: =D719 -> Greek meat moussaka with vermicelli rice | E720: Thursday | F720: Butchery Section | G720: Main Course | H720: Dinner | K720: =IFERROR(VLOOKUP(L720,'Raw material list'!$A$3:$C$715,3,0),"") -> MET2-585 | L720: Frz Beef Topside | M720: Gram | N720: =VLOOKUP(L720,'Raw material list'!$A$3:$E$715,5,0) -> Gram | O720: 1000 | P720: =O720/Q720*100 -> 1154.7344 | Q720: 86.6 | R720: 15 | T720: =IFERROR(O720/R720,0) -> 66.666667 | U720: =IFERROR(P720/R720,0) -> 76.982294 | V720: =IFERROR(VLOOKUP(L720,'Raw material list'!$A$2:$S$3102,6,0),0) -> 0.042630058 | W720: =IFERROR(V720*U720,0) -> 3.2817596
A721: RCP-SMC-000040 | B721: Gourmet360 | C721: SMC | D721: =D720 -> Greek meat moussaka with vermicelli rice | E721: Thursday | F721: Hot Section | G721: Main Course | H721: Dinner | K721: =IFERROR(VLOOKUP(L721,'Raw material list'!$A$3:$C$715,3,0),"") -> PRD1-4265 | L721: Fresh onion Yellow(Imported) | M721: Gram | N721: =VLOOKUP(L721,'Raw material list'!$A$3:$E$715,5,0) -> Gram | O721: 200 | P721: =O721/Q721*100 -> 235.29412 | Q721: 85 | R721: 15 | T721: =IFERROR(O721/R721,0) -> 13.333333 | U721: =IFERROR(P721/R721,0) -> 15.686275 | V721: =IFERROR(VLOOKUP(L721,'Raw material list'!$A$2:$S$3102,6,0),0) -> 0.0035294118 | W721: =IFERROR(V721*U721,0) -> 0.055363322
A722: RCP-SMC-000040 | B722: Gourmet360 | C722: SMC | D722: =D721 -> Greek meat moussaka with vermicelli rice | E722: Thursday | F722: Hot Section | G722: Main Course | H722: Dinner | K722: =IFERROR(VLOOKUP(L722,'Raw material list'!$A$3:$C$715,3,0),"") -> PRD1-4327 | L722: Fresh Garlic Peeled | M722: Gram | N722: =VLOOKUP(L722,'Raw material list'!$A$3:$E$715,5,0) -> Gram | O722: 30 | P722: =O722/Q722*100 -> 36.144578 | Q722: 83 | R722: 15 | T722: =IFERROR(O722/R722,0) -> 2 | U722: =IFERROR(P722/R722,0) -> 2.4096386 | V722: =IFERROR(VLOOKUP(L722,'Raw material list'!$A$2:$S$3102,6,0),0) -> 0.013 | W722: =IFERROR(V722*U722,0) -> 0.031325301
A723: RCP-SMC-000040 | B723: Gourmet360 | C723: SMC | D723: =D722 -> Greek meat moussaka with vermicelli rice | E723: Thursday | F723: Hot Section | G723: Main Course | H723: Dinner | K723: =IFERROR(VLOOKUP(L723,'Raw material list'!$A$3:$C$715,3,0),"") -> DRS6-537 | L723: Spices Pepper Black Powder(1 Kg) | M723: Gram | N723: =VLOOKUP(L723,'Raw material list'!$A$3:$E$715,5,0) -> Gram | O723: 2 | P723: =O723/Q723*100 -> 2 | Q723: 100 | R723: 15 | T723: =IFERROR(O723/R723,0) -> 0.13333333 | U723: =IFERROR(P723/R723,0) -> 0.13333333 | V723: =IFERROR(VLOOKUP(L723,'Raw material list'!$A$2:$S$3102,6,0),0) -> 0.035 | W723: =IFERROR(V723*U723,0) -> 0.0046666667
A724: RCP-SMC-000040 | B724: Gourmet360 | C724: SMC | D724: =D723 -> Greek meat moussaka with vermicelli rice | E724: Thursday | F724: Hot Section | G724: Main Course | H724: Dinner | K724: =IFERROR(VLOOKUP(L724,'Raw material list'!$A$3:$C$715,3,0),"") -> DRS1-3813 | L724: Beef Stock Powder(Packet) | M724: Gram | N724: =VLOOKUP(L724,'Raw material list'!$A$3:$E$715,5,0) -> Gram | O724: 5 | P724: =O724/Q724*100 -> 5 | Q724: 100 | R724: 15 | T724: =IFERROR(O724/R724,0) -> 0.33333333 | U724: =IFERROR(P724/R724,0) -> 0.33333333 | V724: =IFERROR(VLOOKUP(L724,'Raw material list'!$A$2:$S$3102,6,0),0) -> 0.044441667 | W724: =IFERROR(V724*U724,0) -> 0.014813889
A725: RCP-SMC-000040 | B725: Gourmet360 | C725: SMC | D725: =D724 -> Greek meat moussaka with vermicelli rice | E725: Thursday | F725: Hot Section | G725: Main Course | H725: Dinner | K725: =IFERROR(VLOOKUP(L725,'Raw material list'!$A$3:$C$715,3,0),"") -> DRS6-1570 | L725: Dried Oregano | M725: Gram | N725: =VLOOKUP(L725,'Raw material list'!$A$3:$E$715,5,0) -> Gram | O725: 0.5 | P725: =O725/Q725*100 -> 0.5 | Q725: 100 | R725: 15 | T725: =IFERROR(O725/R725,0) -> 0.033333333 | U725: =IFERROR(P725/R725,0) -> 0.033333333 | V725: =IFERROR(VLOOKUP(L725,'Raw material list'!$A$2:$S$3102,6,0),0) -> 0.0093526667 | W725: =IFERROR(V725*U725,0) -> 0.00031175556
A726: RCP-SMC-000040 | B726: Gourmet360 | C726: SMC | D726: =D725 -> Greek meat moussaka with vermicelli rice | E726: Thursday | F726: Hot Section | G726: Main Course | H726: Dinner | K726: =IFERROR(VLOOKUP(L726,'Raw material list'!$A$3:$C$715,3,0),"") -> PRD1-572 | L726: Fresh Tomato | M726: Gram | N726: =VLOOKUP(L726,'Raw material list'!$A$3:$E$715,5,0) -> Gram | O726: 500 | P726: =O726/Q726*100 -> 566.67926 | Q726: 88.233333 | R726: 15 | T726: =IFERROR(O726/R726,0) -> 33.333333 | U726: =IFERROR(P726/R726,0) -> 37.778617 | V726: =IFERROR(VLOOKUP(L726,'Raw material list'!$A$2:$S$3102,6,0),0) -> 0.0045351474 | W726: =IFERROR(V726*U726,0) -> 0.1713316
A727: RCP-SMC-000040 | B727: Gourmet360 | C727: SMC | D727: =D726 -> Greek meat moussaka with vermicelli rice | E727: Thursday | F727: Hot Section | G727: Main Course | H727: Dinner | K727: =IFERROR(VLOOKUP(L727,'Raw material list'!$A$3:$C$715,3,0),"") -> DRS1-607 | L727: Can Tomato Peeled | M727: Gram | N727: =VLOOKUP(L727,'Raw material list'!$A$3:$E$715,5,0) -> Gram | O727: 200 | P727: =O727/Q727*100 -> 200 | Q727: 100 | R727: 15 | T727: =IFERROR(O727/R727,0) -> 13.333333 | U727: =IFERROR(P727/R727,0) -> 13.333333 | V727: =IFERROR(VLOOKUP(L727,'Raw material list'!$A$2:$S$3102,6,0),0) -> 0.0058823529 | W727: =IFERROR(V727*U727,0) -> 0.078431373
A728: RCP-SMC-000040 | B728: Gourmet360 | C728: SMC | D728: =D727 -> Greek meat moussaka with vermicelli rice | E728: Thursday | F728: Hot Section | G728: Main Course | H728: Dinner | K728: =IFERROR(VLOOKUP(L728,'Raw material list'!$A$3:$C$715,3,0),"") -> DRY1-1801 | L728: Cheese Mozzarella Grated (KG) | M728: Gram | N728: =VLOOKUP(L728,'Raw material list'!$A$3:$E$715,5,0) -> Gram | O728: 400 | P728: =O728/Q728*100 -> 400 | Q728: 100 | R728: 15 | T728: =IFERROR(O728/R728,0) -> 26.666667 | U728: =IFERROR(P728/R728,0) -> 26.666667 | V728: =IFERROR(VLOOKUP(L728,'Raw material list'!$A$2:$S$3102,6,0),0) -> 0.025 | W728: =IFERROR(V728*U728,0) -> 0.66666667
A729: RCP-SMC-000040 | B729: Gourmet360 | C729: SMC | D729: =D728 -> Greek meat moussaka with vermicelli rice | E729: Thursday | F729: Hot Section | G729: Main Course | H729: Dinner | K729: =IFERROR(VLOOKUP(L729,'Raw material list'!$A$3:$C$715,3,0),"") -> DRS1-1747 | L729: Can Tomato Paste (4500 Gram) | M729: Gram | N729: =VLOOKUP(L729,'Raw material list'!$A$3:$E$715,5,0) -> Gram | O729: 30 | P729: =O729/Q729*100 -> 30 | Q729: 100 | R729: 15 | T729: =IFERROR(O729/R729,0) -> 2 | U729: =IFERROR(P729/R729,0) -> 2 | V729: =IFERROR(VLOOKUP(L729,'Raw material list'!$A$2:$S$3102,6,0),0) -> 0.0051851852 | W729: =IFERROR(V729*U729,0) -> 0.01037037
A730: RCP-SMC-000040 | B730: Gourmet360 | C730: SMC | D730: =D729 -> Greek meat moussaka with vermicelli rice | E730: Thursday | F730: Hot Section | G730: Main Course | H730: Dinner | K730: =IFERROR(VLOOKUP(L730,'Raw material list'!$A$3:$C$715,3,0),"") -> DRS1-3880 | L730: Salt | M730: Gram | N730: =VLOOKUP(L730,'Raw material list'!$A$3:$E$715,5,0) -> Gram | O730: 5 | P730: =O730/Q730*100 -> 5 | Q730: 100 | R730: 15 | T730: =IFERROR(O730/R730,0) -> 0.33333333 | U730: =IFERROR(P730/R730,0) -> 0.33333333 | V730: =IFERROR(VLOOKUP(L730,'Raw material list'!$A$2:$S$3102,6,0),0) -> 0.0005 | W730: =IFERROR(V730*U730,0) -> 0.00016666667
... A740: RCP-SMC-000040 | B740: Gourmet360 | C740: SMC | D740: =D739 -> Greek meat moussaka with vermicelli rice | E740: Thursday | F740: Hot Section | G740: Main Course | H740: Dinner | K740: =IFERROR(VLOOKUP(L740,'Raw material list'!$A$3:$C$715,3,0),"") -> DRS1-3880 | L740: Salt | M740: Gram | N740: =VLOOKUP(L740,'Raw material list'!$A$3:$E$715,5,0) -> Gram | O740: 15 | P740: =O740/Q740*100 -> 15 | Q740: 100 | R740: 15 | T740: =IFERROR(O740/R740,0) -> 1 | U740: =IFERROR(P740/R740,0) -> 1 | V740: =IFERROR(VLOOKUP(L740,'Raw material list'!$A$2:$S$3102,6,0),0) -> 0.0005 | W740: =IFERROR(V740*U740,0) -> 0.0005
A741: RCP-SMC-000041 | B741: Gourmet360 | C741: SMC | D741: Chicken ball with rose sause | E741: Thursday | F741: Butchery Section | G741: Main Course | H741: Dinner | K741: =IFERROR(VLOOKUP(L741,'Raw material list'!$A$3:$C$715,3,0),"") -> PLT2-5309 | L741: Frz Chicken Ball | M741: Gram | N741: =VLOOKUP(L741,'Raw material list'!$A$3:$E$715,5,0) -> Gram | O741: 1200 | P741: =O741/Q741*100 -> 1574.8031 | Q741: 76.2 | R741: 10 | T741: =IFERROR(O741/R741,0) -> 120 | U741: =IFERROR(P741/R741,0) -> 157.48031 | V741: =IFERROR(VLOOKUP(L741,'Raw material list'!$A$2:$S$3102,6,0),0) -> 0.014166667 | W741: =IFERROR(V741*U741,0) -> 2.2309711
A742: RCP-SMC-000041 | B742: Gourmet360 | C742: SMC | D742: =D741 -> Chicken ball with rose sause | E742: Thursday | F742: Hot Section | G742: Main Course | H742: Dinner | K742: =IFERROR(VLOOKUP(L742,'Raw material list'!$A$3:$C$715,3,0),"") -> DRS3-1615 | L742: Olive Oil (CAN) | M742: Ml | N742: =VLOOKUP(L742,'Raw material list'!$A$3:$E$715,5,0) -> Ml | O742: 30 | P742: =O742/Q742*100 -> 30 | Q742: 100 | R742: 10 | T742: =IFERROR(O742/R742,0) -> 3 | U742: =IFERROR(P742/R742,0) -> 3 | V742: =IFERROR(VLOOKUP(L742,'Raw material list'!$A$2:$S$3102,6,0),0) -> 0.012 | W742: =IFERROR(V742*U742,0) -> 0.036
A743: RCP-SMC-000041 | B743: Gourmet360 | C743: SMC | D743: =D742 -> Chicken ball with rose sause | E743: Thursday | F743: Hot Section | G743: Main Course | H743: Dinner | K743: =IFERROR(VLOOKUP(L743,'Raw material list'!$A$3:$C$715,3,0),"") -> PRD1-4265 | L743: Fresh onion Yellow(Imported) | M743: Gram | N743: =VLOOKUP(L743,'Raw material list'!$A$3:$E$715,5,0) -> Gram | O743: 100 | P743: =O743/Q743*100 -> 117.64706 | Q743: 85 | R743: 10 | T743: =IFERROR(O743/R743,0) -> 10 | U743: =IFERROR(P743/R743,0) -> 11.764706 | V743: =IFERROR(VLOOKUP(L743,'Raw material list'!$A$2:$S$3102,6,0),0) -> 0.0035294118 | W743: =IFERROR(V743*U743,0) -> 0.041522491
A744: RCP-SMC-000041 | B744: Gourmet360 | C744: SMC | D744: =D743 -> Chicken ball with rose sause | E744: Thursday | F744: Hot Section | G744: Main Course | H744: Dinner | K744: =IFERROR(VLOOKUP(L744,'Raw material list'!$A$3:$C$715,3,0),"") -> PRD1-4327 | L744: Fresh Garlic Peeled | M744: Gram | N744: =VLOOKUP(L744,'Raw material list'!$A$3:$E$715,5,0) -> Gram | O744: 15 | P744: =O744/Q744*100 -> 18.072289 | Q744: 83 | R744: 10 | T744: =IFERROR(O744/R744,0) -> 1.5 | U744: =IFERROR(P744/R744,0) -> 1.8072289 | V744: =IFERROR(VLOOKUP(L744,'Raw material list'!$A$2:$S$3102,6,0),0) -> 0.013 | W744: =IFERROR(V744*U744,0) -> 0.023493976
A745: RCP-SMC-000041 | B745: Gourmet360 | C745: SMC | D745: =D744 -> Chicken ball with rose sause | E745: Thursday | F745: Hot Section | G745: Main Course | H745: Dinner | K745: =IFERROR(VLOOKUP(L745,'Raw material list'!$A$3:$C$715,3,0),"") -> DRS1-1747 | L745: Can Tomato Paste (4500 Gram) | M745: Gram | N745: =VLOOKUP(L745,'Raw material list'!$A$3:$E$715,5,0) -> Gram | O745: 80 | P745: =O745/Q745*100 -> 80 | Q745: 100 | R745: 10 | T745: =IFERROR(O745/R745,0) -> 8 | U745: =IFERROR(P745/R745,0) -> 8 | V745: =IFERROR(VLOOKUP(L745,'Raw material list'!$A$2:$S$3102,6,0),0) -> 0.0051851852 | W745: =IFERROR(V745*U745,0) -> 0.041481481
A746: RCP-SMC-000041 | B746: Gourmet360 | C746: SMC | D746: =D745 -> Chicken ball with rose sause | E746: Thursday | F746: Hot Section | G746: Main Course | H746: Dinner | K746: =IFERROR(VLOOKUP(L746,'Raw material list'!$A$3:$C$715,3,0),"") -> DRS6-537 | L746: Spices Pepper Black Powder(1 Kg) | M746: Gram | N746: =VLOOKUP(L746,'Raw material list'!$A$3:$E$715,5,0) -> Gram | O746: 2 | P746: =O746/Q746*100 -> 2 | Q746: 100 | R746: 10 | T746: =IFERROR(O746/R746,0) -> 0.2 | U746: =IFERROR(P746/R746,0) -> 0.2 | V746: =IFERROR(VLOOKUP(L746,'Raw material list'!$A$2:$S$3102,6,0),0) -> 0.035 | W746: =IFERROR(V746*U746,0) -> 0.007
A747: RCP-SMC-000041 | B747: Gourmet360 | C747: SMC | D747: =D746 -> Chicken ball with rose sause | E747: Thursday | F747: Hot Section | G747: Main Course | H747: Dinner | K747: =IFERROR(VLOOKUP(L747,'Raw material list'!$A$3:$C$715,3,0),"") -> PRD1-179 | L747: Fresh Basil | M747: Gram | N747: =VLOOKUP(L747,'Raw material list'!$A$3:$E$715,5,0) -> Gram | O747: 2 | P747: =O747/Q747*100 -> 2 | Q747: 100 | R747: 10 | T747: =IFERROR(O747/R747,0) -> 0.2 | U747: =IFERROR(P747/R747,0) -> 0.2 | V747: =IFERROR(VLOOKUP(L747,'Raw material list'!$A$2:$S$3102,6,0),0) -> 0.009 | W747: =IFERROR(V747*U747,0) -> 0.0018
A748: RCP-SMC-000041 | B748: Gourmet360 | C748: SMC | D748: =D747 -> Chicken ball with rose sause | E748: Thursday | F748: Hot Section | G748: Main Course | H748: Dinner | K748: =IFERROR(VLOOKUP(L748,'Raw material list'!$A$3:$C$715,3,0),"") -> DRY2-1858 | L748: Cooking Cream 1 Ltr | M748: Ml | N748: =VLOOKUP(L748,'Raw material list'!$A$3:$E$715,5,0) -> Ml | O748: 500 | P748: =O748/Q748*100 -> 500 | Q748: 100 | R748: 10 | T748: =IFERROR(O748/R748,0) -> 50 | U748: =IFERROR(P748/R748,0) -> 50 | V748: =IFERROR(VLOOKUP(L748,'Raw material list'!$A$2:$S$3102,6,0),0) -> 0.00988 | W748: =IFERROR(V748*U748,0) -> 0.494
A749: RCP-SMC-000041 | B749: Gourmet360 | C749: SMC | D749: =D748 -> Chicken ball with rose sause | E749: Thursday | F749: Hot Section | G749: Main Course | H749: Dinner | K749: =IFERROR(VLOOKUP(L749,'Raw material list'!$A$3:$C$715,3,0),"") -> DRS1-607 | L749: Can Tomato Peeled | M749: Gram | N749: =VLOOKUP(L749,'Raw material list'!$A$3:$E$715,5,0) -> Gram | O749: 750 | P749: =O749/Q749*100 -> 750 | Q749: 100 | R749: 10 | T749: =IFERROR(O749/R749,0) -> 75 | U749: =IFERROR(P749/R749,0) -> 75 | V749: =IFERROR(VLOOKUP(L749,'Raw material list'!$A$2:$S$3102,6,0),0) -> 0.0058823529 | W749: =IFERROR(V749*U749,0) -> 0.44117647
A750: RCP-SMC-000041 | B750: Gourmet360 | C750: SMC | D750: =D749 -> Chicken ball with rose sause | E750: Thursday | F750: Hot Section | G750: Main Course | H750: Dinner | K750: =IFERROR(VLOOKUP(L750,'Raw material list'!$A$3:$C$715,3,0),"") -> DRS6-1570 | L750: Dried Oregano | M750: Gram | N750: =VLOOKUP(L750,'Raw material list'!$A$3:$E$715,5,0) -> Gram | O750: 1 | P750: =O750/Q750*100 -> 1 | Q750: 100 | R750: 10 | T750: =IFERROR(O750/R750,0) -> 0.1 | U750: =IFERROR(P750/R750,0) -> 0.1 | V750: =IFERROR(VLOOKUP(L750,'Raw material list'!$A$2:$S$3102,6,0),0) -> 0.0093526667 | W750: =IFERROR(V750*U750,0) -> 0.00093526667
A751: RCP-SMC-000041 | B751: Gourmet360 | C751: SMC | D751: =D750 -> Chicken ball with rose sause | E751: Thursday | F751: Hot Section | G751: Main Course | H751: Dinner | K751: =IFERROR(VLOOKUP(L751,'Raw material list'!$A$3:$C$715,3,0),"") -> DRY1-602 | L751: Cheese Parmesan Grated | M751: Gram | N751: =VLOOKUP(L751,'Raw material list'!$A$3:$E$715,5,0) -> Gram | O751: 40 | P751: =O751/Q751*100 -> 40 | Q751: 100 | R751: 10 | T751: =IFERROR(O751/R751,0) -> 4 | U751: =IFERROR(P751/R751,0) -> 4 | V751: =IFERROR(VLOOKUP(L751,'Raw material list'!$A$2:$S$3102,6,0),0) -> 0.055 | W751: =IFERROR(V751*U751,0) -> 0.22
A752: RCP-SMC-000041 | B752: Gourmet360 | C752: SMC | D752: =D751 -> Chicken ball with rose sause | E752: Thursday | F752: Hot Section | G752: Main Course | H752: Dinner | K752: =IFERROR(VLOOKUP(L752,'Raw material list'!$A$3:$C$715,3,0),"") -> DRS1-3811 | L752: Chicken Stock Powder(Packet) | M752: Gram | N752: =VLOOKUP(L752,'Raw material list'!$A$3:$E$715,5,0) -> Gram | O752: 20 | P752: =O752/Q752*100 -> 20 | Q752: 100 | R752: 10 | T752: =IFERROR(O752/R752,0) -> 2 | U752: =IFERROR(P752/R752,0) -> 2 | V752: =IFERROR(VLOOKUP(L752,'Raw material list'!$A$2:$S$3102,6,0),0) -> 0.028475 | W752: =IFERROR(V752*U752,0) -> 0.05695
A753: RCP-SMC-000041 | B753: Gourmet360 | C753: SMC | D753: =D752 -> Chicken ball with rose sause | E753: Thursday | F753: Hot Section | G753: Main Course | H753: Dinner | K753: =IFERROR(VLOOKUP(L753,'Raw material list'!$A$3:$C$715,3,0),"") -> TAP-00001 | L753: Tap Water-Cooking | M753: Ml | N753: =VLOOKUP(L753,'Raw material list'!$A$3:$E$715,5,0) -> Ml | O753: 200 | P753: =O753/Q753*100 -> 200 | Q753: 100 | R753: 10 | T753: =IFERROR(O753/R753,0) -> 20 | U753: =IFERROR(P753/R753,0) -> 20 | V753: =IFERROR(VLOOKUP(L753,'Raw material list'!$A$2:$S$3102,6,0),0) -> 8e-05 | W753: =IFERROR(V753*U753,0) -> 0.0016
... A759: RCP-SMC-000041 | B759: Gourmet360 | C759: SMC | D759: =D758 -> Chicken ball with rose sause | E759: Thursday | F759: Hot Section | G759: Main Course | H759: Dinner | K759: =IFERROR(VLOOKUP(L759,'Raw material list'!$A$3:$C$715,3,0),"") -> DRS6-261 | L759: Spices Cinnamon Sticks | M759: Gram | N759: =VLOOKUP(L759,'Raw material list'!$A$3:$E$715,5,0) -> Gram | O759: 2 | P759: =O759/Q759*100 -> 2 | Q759: 100 | R759: 10 | T759: =IFERROR(O759/R759,0) -> 0.2 | U759: =IFERROR(P759/R759,0) -> 0.2 | V759: =IFERROR(VLOOKUP(L759,'Raw material list'!$A$2:$S$3102,6,0),0) -> 0.014 | W759: =IFERROR(V759*U759,0) -> 0.0028
A760: RCP-SMC-000042 | B760: Gourmet360 | C760: SMC | D760: Koshari Crispy Onion & Tomato Sauce | E760: Thursday | F760: Hot Section | G760: Main Course | H760: Dinner | K760: =IFERROR(VLOOKUP(L760,'Raw material list'!$A$3:$C$715,3,0),"") -> DRS4-490 | L760: Lentil Brown | M760: Gram | N760: =VLOOKUP(L760,'Raw material list'!$A$3:$E$715,5,0) -> Gram | O760: 300 | P760: =O760/Q760*100 -> 300 | Q760: 100 | R760: 10 | T760: =IFERROR(O760/R760,0) -> 30 | U760: =IFERROR(P760/R760,0) -> 30 | V760: =IFERROR(VLOOKUP(L760,'Raw material list'!$A$2:$S$3102,6,0),0) -> 0.0083333333 | W760: =IFERROR(V760*U760,0) -> 0.25
A761: RCP-SMC-000042 | B761: Gourmet360 | C761: SMC | D761: =D760 -> Koshari Crispy Onion & Tomato Sauce | E761: Thursday | F761: Hot Section | G761: Main Course | H761: Dinner | K761: =IFERROR(VLOOKUP(L761,'Raw material list'!$A$3:$C$715,3,0),"") -> DRS2-3804 | L761: Pasta Elbows Small #19 | M761: Gram | N761: =VLOOKUP(L761,'Raw material list'!$A$3:$E$715,5,0) -> Gram | O761: 500 | P761: =O761/Q761*100 -> 500 | Q761: 100 | R761: 10 | T761: =IFERROR(O761/R761,0) -> 50 | U761: =IFERROR(P761/R761,0) -> 50 | V761: =IFERROR(VLOOKUP(L761,'Raw material list'!$A$2:$S$3102,6,0),0) -> 0.0092222222 | W761: =IFERROR(V761*U761,0) -> 0.46111111
A762: RCP-SMC-000042 | B762: Gourmet360 | C762: SMC | D762: =D761 -> Koshari Crispy Onion & Tomato Sauce | E762: Thursday | F762: Hot Section | G762: Main Course | H762: Dinner | K762: =IFERROR(VLOOKUP(L762,'Raw material list'!$A$3:$C$715,3,0),"") -> DRS4-498 | L762: Rice Basmati | M762: Gram | N762: =VLOOKUP(L762,'Raw material list'!$A$3:$E$715,5,0) -> Gram | O762: 600 | P762: =O762/Q762*100 -> 600 | Q762: 100 | R762: 10 | T762: =IFERROR(O762/R762,0) -> 60 | U762: =IFERROR(P762/R762,0) -> 60 | V762: =IFERROR(VLOOKUP(L762,'Raw material list'!$A$2:$S$3102,6,0),0) -> 0.00575 | W762: =IFERROR(V762*U762,0) -> 0.345
A763: RCP-SMC-000042 | B763: Gourmet360 | C763: SMC | D763: =D762 -> Koshari Crispy Onion & Tomato Sauce | E763: Thursday | F763: Hot Section | G763: Main Course | H763: Dinner | K763: =IFERROR(VLOOKUP(L763,'Raw material list'!$A$3:$C$715,3,0),"") -> DRS2-3628 | L763: Pasta Vermicelli-Cuts,N:61 | M763: Gram | N763: =VLOOKUP(L763,'Raw material list'!$A$3:$E$715,5,0) -> Gram | O763: 70 | P763: =O763/Q763*100 -> 70 | Q763: 100 | R763: 10 | T763: =IFERROR(O763/R763,0) -> 7 | U763: =IFERROR(P763/R763,0) -> 7 | V763: =IFERROR(VLOOKUP(L763,'Raw material list'!$A$2:$S$3102,6,0),0) -> 0.011066667 | W763: =IFERROR(V763*U763,0) -> 0.077466667
A764: RCP-SMC-000042 | B764: Gourmet360 | C764: SMC | D764: =D763 -> Koshari Crispy Onion & Tomato Sauce | E764: Thursday | F764: Hot Section | G764: Main Course | H764: Dinner | K764: =IFERROR(VLOOKUP(L764,'Raw material list'!$A$3:$C$715,3,0),"") -> DRS3-1813 | L764: Corn Oil (18 Liter) | M764: Ml | N764: =VLOOKUP(L764,'Raw material list'!$A$3:$E$715,5,0) -> Ml | O764: 50 | P764: =O764/Q764*100 -> 50 | Q764: 100 | R764: 10 | T764: =IFERROR(O764/R764,0) -> 5 | U764: =IFERROR(P764/R764,0) -> 5 | V764: =IFERROR(VLOOKUP(L764,'Raw material list'!$A$2:$S$3102,6,0),0) -> 0.0080555556 | W764: =IFERROR(V764*U764,0) -> 0.040277778
A765: RCP-SMC-000042 | B765: Gourmet360 | C765: SMC | D765: =D764 -> Koshari Crispy Onion & Tomato Sauce | E765: Thursday | F765: Hot Section | G765: Main Course | H765: Dinner | K765: =IFERROR(VLOOKUP(L765,'Raw material list'!$A$3:$C$715,3,0),"") -> DRS6-733 | L765: Spices Cumin Powder | M765: Gram | N765: =VLOOKUP(L765,'Raw material list'!$A$3:$E$715,5,0) -> Gram | O765: 8 | P765: =O765/Q765*100 -> 8 | Q765: 100 | R765: 10 | T765: =IFERROR(O765/R765,0) -> 0.8 | U765: =IFERROR(P765/R765,0) -> 0.8 | V765: =IFERROR(VLOOKUP(L765,'Raw material list'!$A$2:$S$3102,6,0),0) -> 0.028 | W765: =IFERROR(V765*U765,0) -> 0.0224
A766: RCP-SMC-000042 | B766: Gourmet360 | C766: SMC | D766: =D765 -> Koshari Crispy Onion & Tomato Sauce | E766: Thursday | F766: Hot Section | G766: Main Course | H766: Dinner | K766: =IFERROR(VLOOKUP(L766,'Raw material list'!$A$3:$C$715,3,0),"") -> PRD1-4327 | L766: Fresh Garlic Peeled | M766: Gram | N766: =VLOOKUP(L766,'Raw material list'!$A$3:$E$715,5,0) -> Gram | O766: 20 | P766: =O766/Q766*100 -> 24.096386 | Q766: 83 | R766: 10 | T766: =IFERROR(O766/R766,0) -> 2 | U766: =IFERROR(P766/R766,0) -> 2.4096386 | V766: =IFERROR(VLOOKUP(L766,'Raw material list'!$A$2:$S$3102,6,0),0) -> 0.013 | W766: =IFERROR(V766*U766,0) -> 0.031325301
A767: RCP-SMC-000042 | B767: Gourmet360 | C767: SMC | D767: =D766 -> Koshari Crispy Onion & Tomato Sauce | E767: Thursday | F767: Hot Section | G767: Main Course | H767: Dinner | K767: =IFERROR(VLOOKUP(L767,'Raw material list'!$A$3:$C$715,3,0),"") -> DRS3-1615 | L767: Olive Oil (CAN) | M767: Ml | N767: =VLOOKUP(L767,'Raw material list'!$A$3:$E$715,5,0) -> Ml | O767: 80 | P767: =O767/Q767*100 -> 80 | Q767: 100 | R767: 10 | T767: =IFERROR(O767/R767,0) -> 8 | U767: =IFERROR(P767/R767,0) -> 8 | V767: =IFERROR(VLOOKUP(L767,'Raw material list'!$A$2:$S$3102,6,0),0) -> 0.012 | W767: =IFERROR(V767*U767,0) -> 0.096
A768: RCP-SMC-000042 | B768: Gourmet360 | C768: SMC | D768: =D767 -> Koshari Crispy Onion & Tomato Sauce | E768: Thursday | F768: Hot Section | G768: Main Course | H768: Dinner | K768: =IFERROR(VLOOKUP(L768,'Raw material list'!$A$3:$C$715,3,0),"") -> DRS6-266 | L768: Spices Coriander Powder | M768: Gram | N768: =VLOOKUP(L768,'Raw material list'!$A$3:$E$715,5,0) -> Gram | O768: 3 | P768: =O768/Q768*100 -> 3 | Q768: 100 | R768: 10 | T768: =IFERROR(O768/R768,0) -> 0.3 | U768: =IFERROR(P768/R768,0) -> 0.3 | V768: =IFERROR(VLOOKUP(L768,'Raw material list'!$A$2:$S$3102,6,0),0) -> 0.014 | W768: =IFERROR(V768*U768,0) -> 0.0042
A769: RCP-SMC-000042 | B769: Gourmet360 | C769: SMC | D769: =D768 -> Koshari Crispy Onion & Tomato Sauce | E769: Thursday | F769: Hot Section | G769: Main Course | H769: Dinner | K769: =IFERROR(VLOOKUP(L769,'Raw material list'!$A$3:$C$715,3,0),"") -> DRS6-537 | L769: Spices Pepper Black Powder(1 Kg) | M769: Gram | N769: =VLOOKUP(L769,'Raw material list'!$A$3:$E$715,5,0) -> Gram | O769: 2 | P769: =O769/Q769*100 -> 2 | Q769: 100 | R769: 10 | T769: =IFERROR(O769/R769,0) -> 0.2 | U769: =IFERROR(P769/R769,0) -> 0.2 | V769: =IFERROR(VLOOKUP(L769,'Raw material list'!$A$2:$S$3102,6,0),0) -> 0.035 | W769: =IFERROR(V769*U769,0) -> 0.007
A770: RCP-SMC-000042 | B770: Gourmet360 | C770: SMC | D770: =D769 -> Koshari Crispy Onion & Tomato Sauce | E770: Thursday | F770: Hot Section | G770: Main Course | H770: Dinner | K770: =IFERROR(VLOOKUP(L770,'Raw material list'!$A$3:$C$715,3,0),"") -> PRD1-572 | L770: Fresh Tomato | M770: Gram | N770: =VLOOKUP(L770,'Raw material list'!$A$3:$E$715,5,0) -> Gram | O770: 600 | P770: =O770/Q770*100 -> 680.01511 | Q770: 88.233333 | R770: 10 | T770: =IFERROR(O770/R770,0) -> 60 | U770: =IFERROR(P770/R770,0) -> 68.001511 | V770: =IFERROR(VLOOKUP(L770,'Raw material list'!$A$2:$S$3102,6,0),0) -> 0.0045351474 | W770: =IFERROR(V770*U770,0) -> 0.30839688
A771: RCP-SMC-000042 | B771: Gourmet360 | C771: SMC | D771: =D770 -> Koshari Crispy Onion & Tomato Sauce | E771: Thursday | F771: Hot Section | G771: Main Course | H771: Dinner | K771: =IFERROR(VLOOKUP(L771,'Raw material list'!$A$3:$C$715,3,0),"") -> DRS1-1547 | L771: Vinegar White (Gallon) | M771: Ml | N771: =VLOOKUP(L771,'Raw material list'!$A$3:$E$715,5,0) -> Ml | O771: 30 | P771: =O771/Q771*100 -> 30 | Q771: 100 | R771: 10 | T771: =IFERROR(O771/R771,0) -> 3 | U771: =IFERROR(P771/R771,0) -> 3 | V771: =IFERROR(VLOOKUP(L771,'Raw material list'!$A$2:$S$3102,6,0),0) -> 0.0023026316 | W771: =IFERROR(V771*U771,0) -> 0.0069078947
A772: RCP-SMC-000042 | B772: Gourmet360 | C772: SMC | D772: =D771 -> Koshari Crispy Onion & Tomato Sauce | E772: Thursday | F772: Hot Section | G772: Main Course | H772: Dinner | K772: =IFERROR(VLOOKUP(L772,'Raw material list'!$A$3:$C$715,3,0),"") -> DRS1-3880 | L772: Salt | M772: Gram | N772: =VLOOKUP(L772,'Raw material list'!$A$3:$E$715,5,0) -> Gram | O772: 8 | P772: =O772/Q772*100 -> 8 | Q772: 100 | R772: 10 | T772: =IFERROR(O772/R772,0) -> 0.8 | U772: =IFERROR(P772/R772,0) -> 0.8 | V772: =IFERROR(VLOOKUP(L772,'Raw material list'!$A$2:$S$3102,6,0),0) -> 0.0005 | W772: =IFERROR(V772*U772,0) -> 0.0004
... A777: RCP-SMC-000042 | B777: Gourmet360 | C777: SMC | D777: =D776 -> Koshari Crispy Onion & Tomato Sauce | E777: Thursday | F777: Hot Section | G777: Main Course | H777: Dinner | K777: =IFERROR(VLOOKUP(L777,'Raw material list'!$A$3:$C$715,3,0),"") -> DRS6-733 | L777: Spices Cumin Powder | M777: Gram | N777: =VLOOKUP(L777,'Raw material list'!$A$3:$E$715,5,0) -> Gram | O777: 3 | P777: =O777/Q777*100 -> 3 | Q777: 100 | R777: 10 | T777: =IFERROR(O777/R777,0) -> 0.3 | U777: =IFERROR(P777/R777,0) -> 0.3 | V777: =IFERROR(VLOOKUP(L777,'Raw material list'!$A$2:$S$3102,6,0),0) -> 0.028 | W777: =IFERROR(V777*U777,0) -> 0.0084
A778: RCP-SMC-000043 | B778: Gourmet360 | C778: SMC | D778: Chicken supreme with pasta | E778: Thursday | F778: Butchery Section | G778: Main Course | H778: Lunch | K778: =IFERROR(VLOOKUP(L778,'Raw material list'!$A$3:$C$715,3,0),"") -> PLT2-3278 | L778: Frz Chicken Breast Tender (KG) | M778: Gram | N778: =VLOOKUP(L778,'Raw material list'!$A$3:$E$715,5,0) -> Gram | O778: 1000 | P778: =O778/Q778*100 -> 1312.336 | Q778: 76.2 | R778: 10 | T778: =IFERROR(O778/R778,0) -> 100 | U778: =IFERROR(P778/R778,0) -> 131.2336 | V778: =IFERROR(VLOOKUP(L778,'Raw material list'!$A$2:$S$3102,6,0),0) -> 0.030357143 | W778: =IFERROR(V778*U778,0) -> 3.983877
A779: RCP-SMC-000043 | B779: Gourmet360 | C779: SMC | D779: =D778 -> Chicken supreme with pasta | E779: Thursday | F779: Hot Section | G779: Main Course | H779: Lunch | K779: =IFERROR(VLOOKUP(L779,'Raw material list'!$A$3:$C$715,3,0),"") -> DRS2-2110 | L779: Pasta Fettuccine (500 Gram) | M779: Gram | N779: =VLOOKUP(L779,'Raw material list'!$A$3:$E$715,5,0) -> Gram | O779: 1000 | P779: =O779/Q779*100 -> 1000 | Q779: 100 | R779: 10 | T779: =IFERROR(O779/R779,0) -> 100 | U779: =IFERROR(P779/R779,0) -> 100 | V779: =IFERROR(VLOOKUP(L779,'Raw material list'!$A$2:$S$3102,6,0),0) -> 0.0207 | W779: =IFERROR(V779*U779,0) -> 2.07
...

Sheet Raw material list
C1: Master Raw Material
A2: Items Description | C2: Code | D2: NameEN | E2: Unit | F2: Price | G2: Main category | H2: Sub category
A3: Bran Bread Brown (Diet) | C3: BKR1-1917 | D3: Bran Bread Brown (Diet) | E3: Each | F3: 0.95 | G3: Fresh | H3: Bakery
A4: Bread Arabic Brown (6 each) 400211 | C4: BKR1-3695 | D4: Bread Arabic Brown (6 each) 400211 | E4: Each | F4: 0.16666667 | G4: Fresh | H4: Bakery
A5: Bread Arabic White(7 Each) 400210 | C5: BKR1-3694 | D5: Bread Arabic White(7 Each) 400210 | E5: Each | F5: 0.14285714 | G5: Fresh | H5: Bakery
A6: Bread Burger Bun Brown(Each) | C6: BKR1-3791 | D6: Bread Burger Bun Brown(Each) | E6: Each | F6: 1 | G6: Fresh | H6: Bakery
A7: Bread Crumb IMP(Packet) | C7: BKR1-4011 | D7: Bread Crumb IMP(Packet) | E7: Gram | F7: 0.022 | G7: Fresh | H7: Bakery
A8: Bread Jumbo Sandwich White 400007 | C8: BKR1-1328 | D8: Bread Jumbo Sandwich White 400007 | E8: Each | F8: 1 | G8: Fresh | H8: Bakery
A9: Bread Potato Burger Plain | C9: BKR1-4332 | D9: Bread Potato Burger Plain | E9: Each | F9: 0.55833333 | G9: Fresh | H9: Bakery
A10: Bread Shawarma | C10: BKR1-1575 | D10: Bread Shawarma | E10: Each | F10: 0.12 | G10: Fresh | H10: Bakery
A11: Bread Sliced Brown Med-400001 | C11: BKR1-1327 | D11: Bread Sliced Brown Med-400001 | E11: Slice | F11: 0.22222222 | G11: Fresh | H11: Bakery
A12: Sticker roll expiry | C12: PKG-5310 | D12: Sticker roll expiry | E12: Each | F12: =6/1000 -> 0.006
A13: Bread Sliced White Med-400000 | C13: BKR1-1326 | D13: Bread Sliced White Med-400000 | E13: Slice | F13: 0.16666667 | G13: Fresh | H13: Bakery
A14: Fresh Bread Baguette Long Brown | C14: BKR1-3428 | D14: Fresh Bread Baguette Long Brown | E14: Each | F14: 4.78 | G14: Fresh | H14: Bakery
A15: Frz Kunafa Dough | C15: BKR1-1910 | D15: Frz Kunafa Dough | E15: Gram | F15: 0.01366 | G15: Fozen | H15: Bakery
A16: Milk Bread Mini 9Pcs | C16: BKR1-2125 | D16: Milk Bread Mini 9Pcs | E16: Each | F16: 0.44444444 | G16: Fresh | H16: Bakery
A17: Qursan | C17: BKR1-4717 | D17: Qursan | E17: Gram | F17: 0.013 | G17: Fresh | H17: Bakery
A18: Tart Shell Round Mini 3.7 Cm,Sweet | C18: BKR1-4132 | D18: Tart Shell Round Mini 3.7 Cm,Sweet | E18: Each | F18: 0.84126984 | G18: Fresh | H18: Bakery
A19: Bread Tortilla White,20cm(Fonte) | C19: BKR2-4274 | D19: Bread Tortilla White,20cm(Fonte) | E19: Each | F19: 0.625 | G19: Frozen | H19: Bakery
A20: Bread Tortilla White,30cm(Fonte) | C20: BKR2-4275 | D20: Bread Tortilla White,30cm(Fonte) | E20: Each | F20: 0.83333333 | G20: Frozen | H20: Bakery
A21: Frz Bread Baguette French (40080009) | C21: BKR2-2058 | D21: Frz Bread Baguette French (40080009) | E21: Gram | F21: 0.0066666667 | G21: Frozen | H21: Bakery
A22: Frz Bread Baguette Multicereal (40080109) | C22: BKR2-2059 | D22: Frz Bread Baguette Multicereal (40080109) | E22: Gram | F22: 0.01 | G22: Frozen | H22: Bakery
A23: Frz Bread Jumbo Sandwich 400017 | C23: BKR2-5081 | D23: Frz Bread Jumbo Sandwich 400017 | E23: Each | F23: 0.96666667 | G23: Frozen | H23: Bakery
A24: Frz Bread Panini (90 Gram) | C24: BKR2-4596 | D24: Frz Bread Panini (90 Gram) | E24: Each | F24: 0.96 | G24: Frozen | H24: Bakery
... A248: Syrup Chocolate (Hershey's) 680 Gram | C248: DRS1-616 | D248: Syrup Chocolate (Hershey's) 680 Gram | E248: Gram | F248: 0.024264706 | G248: Dry | H248: Pastry & Bakery
A249: Tea Biscuits(160 Gram) | C249: DRS1-3600 | D249: Tea Biscuits(160 Gram) | E249: Gram | F249: #DIV/0! | G249: Dry | H249: Pastry & Bakery
A250: Toffee Caramel,Gold(5 Kg) | C250: DRS1-3634 | D250: Toffee Caramel,Gold(5 Kg) | E250: Gram | F250: 0.0186 | G250: Dry | H250: Pastry & Bakery
A251: Vanilla Essence (Concentrated) | C251: DRS1-1823 | D251: Vanilla Essence (Concentrated) | E251: Gram | F251: 0.049 | G251: Dry | H251: Pastry & Bakery
A252: White Chocolate Coins 29% (Icam) | C252: DRS1-4358 | D252: White Chocolate Coins 29% (Icam) | E252: Gram | F252: 0.042 | G252: Dry | H252: Pastry & Bakery
A253: Xanthan Gum | C253: DRS1-5140 | D253: Xanthan Gum | E253: Gram | F253: 0.3 | G253: Dry | H253: Pastry & Bakery
A254: Bread Improver K2 | C254: DRS5-1325 | D254: Bread Improver K2 | E254: Gram | F254: 0.0117 | G254: Dry | H254: Pastry & Bakery
A255: Brownies Mix Powder(10 kg) | C255: DRS5-5001 | D255: Brownies Mix Powder(10 kg) | E255: Gram | F255: 0.0119 | G255: Dry | H255: Pastry & Bakery
A256: Cake Mix Powder,Red Velvet (10 kg) | C256: DRS5-5476 | D256: Cake Mix Powder,Red Velvet (10 kg) | E256: Gram | F256: 0.0085 | G256: Dry | H256: Pastry & Bakery
A257: Cocoa Powder (25 KG) | C257: DRS5-1736 | D257: Cocoa Powder (25 KG) | E257: Gram | F257: 0.038 | G257: Dry | H257: Pastry & Bakery
A258: Cream Caramel Mix Powder 5 kg | C258: DRS5-5427 | D258: Cream Caramel Mix Powder 5 kg | E258: Gram | F258: 0.019 | G258: Dry | H258: Pastry & Bakery
A259: Cream patissiere Custard Powder | C259: DRS5-4244 | D259: Cream patissiere Custard Powder | E259: Gram | F259: 0.023 | G259: Dry | H259: Pastry & Bakery
A260: Custard powder(450 Gram) | C260: DRS5-618 | D260: Custard powder(450 Gram) | E260: Gram | F260: 0.015288889 | G260: Dry | H260: Pastry & Bakery
A261: Easy Muffin Mix Chocolate (10 KG) | C261: DRS5-1624 | D261: Easy Muffin Mix Chocolate (10 KG) | E261: Gram | F261: 0.01 | G261: Dry | H261: Pastry & Bakery
... A388: water 200 ML (Nova) | C388: BVG3-4131 | D388: water 200 ML (Nova) | E388: Each | F388: 0.38 | G388: Beverage | H388: Water
A389: water 330 ML (Nova) | D389: water 330 ML (Nova) | E389: Each | F389: 0.3875 | G389: Beverage | H389: Water
A390: Frz Calamari Tube | D390: Frz Calamari Tube | E390: Gram | F390: 0.039711191 | G390: Frozen | H390: Fish & Seafood
A391: Frz Crab Sticks(500 Gram) | C391: SFD2-4238 | D391: Frz Crab Sticks(500 Gram) | E391: Gram | F391: 0.04309 | G391: Frozen | H391: Fish & Seafood
A392: Frz Fish Fillet Pangasus | C392: SFD2-312 | D392: Frz Fish Fillet Pangasus | E392: Gram | F392: 0.032786885 | G392: Frozen | H392: Fish & Seafood
A393: Frz Fish Hamour/Nile Perch Fillet | C393: SFD2-1101 | D393: Frz Fish Hamour/Nile Perch Fillet | E393: Gram | F393: 0.031 | G393: Frozen | H393: Fish & Seafood
A394: Frz Fish Salmon Filet | C394: SFD2-321 | D394: Frz Fish Salmon Filet | E394: Gram | F394: 0.093198992 | G394: Frozen | H394: Fish & Seafood
A395: Frz Lobster Tail 6/8 | C395: SFD2-1757 | D395: Frz Lobster Tail 6/8 | E395: Gram | F395: 0.145 | G395: Frozen | H395: Fish & Seafood
A396: Frz Shrimp PD (50/60) Without Tail | C396: SFD2-4528 | D396: Frz Shrimp PD (50/60) Without Tail | E396: Gram | F396: 0.025 | G396: Frozen | H396: Fish & Seafood
A397: Frz Shrimps (16/20) Without Tail | C397: SFD2-5320 | D397: Frz Shrimps (11/15) Without Tail | E397: Gram | F397: 0.115 | G397: Frozen | H397: Fish & Seafood
A398: Frz Shrimps PD (26/30) Without Tail | C398: SFD2-1578 | D398: Frz Shrimps PD (26/30) Without Tail | E398: Gram | F398: 0.0775 | G398: Frozen | H398: Fish & Seafood
A399: Frz Smoked Salmon P / Sliced | C399: SFD2-1344 | D399: Frz Smoked Salmon P / Sliced | E399: Gram | F399: 0.095 | G399: Frozen | H399: Fish & Seafood
A400: Frz Whole Turkey(KG) | C400: PLT2-1800 | D400: Frz Whole Turkey(KG) | E400: Gram | F400: 0.027 | G400: Frozen | H400: Poultry
A401: Eggs | C401: PLT1-37 | D401: Eggs | E401: Each | F401: 0.483 | G401: Fresh | H401: Poultry
A402: Fresh Chicken Whole | C402: PLT1-1785 | D402: Fresh Chicken Whole | E402: Gram | F402: 0.01373 | G402: Frozen | H402: Poultry
... A592: Paper Sleeve with Golyv Logo 75x176 | C592: PKG-5231 | D592: Paper Sleeve with Golyv Logo 75x176 | E592: Each | F592: 0.32 | G592: Non Food | H592: Packaging
A593: Paper Sleeves with Gourmet Logo | C593: PKG-5072 | D593: Gourmet Sleeves | E593: Each | F593: 0.145
A594: Paper Sleeves FRSH (Various Sizes) | C594: PKG-5274 | D594: Paper Sleeves FRSH (Various Sizes) | E594: Each | F594: 0.29 | G594: Non Food | H594: Packaging
A595: Paper Sleeves with Dietworld Logo | C595: PKG-5071 | D595: Paper Sleeves with Dietworld Logo | E595: Each | F595: 0.21 | G595: Non Food | H595: Packaging
A596: Paper Sleeves with Mashwi Kiwi Logo | C596: PKG-5202 | D596: Paper Sleeves with Mashwi Kiwi Logo | E596: Each | F596: 0.28 | G596: Non Food | H596: Packaging
A597: Paper Sleeves,38x7.5,2Colors (Salus) | C597: PKG-4858 | D597: Paper Sleeves,38x7.5,2Colors (Salus) | E597: Each | F597: 0.2 | G597: Non Food | H597: Packaging
A598: Piping Bag | C598: PKG-882 | D598: Piping Bag | E598: Each | F598: 0.9 | G598: Non Food | H598: Packaging
A599: Plastic Black Microwave 10 oz Container Lid MCB250BHP | C599: PKG-5204 | D599: Plastic Black Microwave 10 oz Container Lid MCB250BHP | E599: Each | F599: 0.224 | G599: Non Food | H599: Packaging
A600: Plastic Clear Cont,Square,12oz,W/Lid | C600: PKG-4870 | D600: Plastic Clear Cont,Square,12oz,W/Lid | E600: Each | F600: 0.26 | G600: Non Food | H600: Packaging
A601: Plastic Clear Cont,Square,8oz,W/Lid | C601: PKG-4929 | D601: Plastic Clear Cont,Square,8oz,W/Lid | E601: Each | F601: 0.392 | G601: Non Food | H601: Packaging
A602: Plastic Clear Dessert Cup With Lid(500 each) | C602: PKG-1287 | D602: Plastic Clear Dessert Cup With Lid(500 each) | E602: Each | F602: 0.27 | G602: Non Food | H602: Packaging
A603: Plastic Clear Microwave 10 oz Container | C603: PKG-1254 | D603: Plastic Clear Microwave 10 oz Container | E603: Each | F603: 0.224 | G603: Non Food | H603: Packaging
A604: Plastic Clear Salad Container Medium OPS (300 Each) | C604: PKG-1849 | D604: Plastic Clear Salad Container Medium OPS (300 Each) | E604: Each | F604: 0.25 | G604: Non Food | H604: Packaging
A605: Plastic Clear Salad Container Medium OPS(8oz 240 Each) | C605: PKG-1293 | D605: Plastic Clear Salad Container Medium OPS(8oz 240 Each) | E605: Each | F605: 0.35 | G605: Non Food | H605: Packaging
... A608: Plastic Cocktail Spoon | C608: PKG-5151 | D608: Plastic Cocktail Spoon | E608: Each | F608: 0.2125 | G608: Non Food | H608: Packaging
A609: Plastic Cont,Rect,Injection, White 24OZ With Lid | C609: PKG-5000 | D609: Plastic Cont,Rect,Injection, White 24OZ With Lid | F609: 0.53333333 | G609: Non Food | H609: Packaging
A610: Plastic Cont,Rect,Injection, White 28OZ With Lid | C610: PKG-4998 | D610: Plastic Cont,Rect,Injection, White 28OZ With Lid | E610: Each | F610: 0.66666667 | G610: Non Food | H610: Packaging
A611: Plastic Cont,Rect,Injection,2Comp.White 32OZ With Lid | C611: PKG-4999 | D611: Plastic Cont,Rect,Injection,2Comp.White 32OZ With Lid | E611: Each | F611: 0.58 | G611: Non Food | H611: Packaging
A612: Plastic Cont,Rect,Injection,Black,48oz,W/Lid BBRE48 | C612: PKG-5203 | D612: Plastic Cont,Rect,Injection,Black,48oz,W/Lid BBRE48 | E612: Each | F612: 0.87 | G612: Non Food | H612: Packaging
A613: Plastic Cont,Rect,Injection,Black,58oz,W/Lid BBRE58 | C613: PKG-5192 | D613: Plastic Cont,Rect,Injection,Black,58oz,W/Lid BBRE58 | E613: Each | F613: 1.1666667 | G613: Non Food | H613: Packaging
A614: Plastic Container 20oz Red & Black with Lid 300 pcs | C614: PKG-5190 | D614: Plastic Container 20oz Red & Black with Lid 300 pcs | E614: Each | F614: 0.65 | G614: Non Food | H614: Packaging
A615: Plastic Container 32oz Red & Black with Lid 300 pcs | C615: PKG-5189 | D615: Plastic Container 32oz Red & Black with Lid 300 pcs | E615: Each | F615: 0.86666667 | G615: Non Food | H615: Packaging
A616: Plastic Container with Lid ,Rect, Medium Sushi( SC02BHP) | C616: PKG-5340 | D616: Plastic Container with Lid ,Rect, Medium Sushi( SC02BHP) | E616: Each | F616: 0.434 | G616: Non Food | H616: Packaging
A617: Plastic Container, Black Base 10" With Clear Lid (Cake ) | C617: PKG-5304 | D617: Plastic Container, Black Base 10" With Clear Lid (Cake ) | E617: Each | F617: 3.8 | G617: Non Food | H617: Packaging
A618: Plastic Container, Black Base With Clear Lid 3.5 (Cake ) | C618: PKG-5311 | D618: Plastic Container, Black Base With Clear Lid 3.5 (Cake ) | E618: Each | F618: 1.85 | G618: Non Food | H618: Packaging
A619: Plastic Cylindrical Jar,Transparent,230 ML | C619: PKG-4374 | D619: Plastic Cylindrical Jar,Transparent,230 ML | E619: Each | F619: 1.1951042 | G619: Non Food | H619: Packaging
A620: Plastic Dessert Cup w/Lid,DC200 (1000 ) | C620: PKG-1541 | D620: Plastic Dessert Cup w/Lid,DC200 (1000 ) | E620: Each | F620: 0.175 | G620: Non Food | H620: Packaging
A621: Plastic Dessert Cup With 2 Lid,Dome&Flat,Salus | C621: PKG-5009 | D621: Plastic Dessert Cup With 2 Lid,Dome&Flat,Salus | E621: Each | F621: 0.37 | G621: Non Food | H621: Packaging
... A670: Halawa Plain | C670: DRS1-3612 | D670: Halawa Plain | E670: Gram | F670: 0.0075 | G670: Dry | H670: Vinegar & Sauces
A671: Spice Osfur | C671: DRS6-1754 | D671: Spice Osfur | E671: Gram | F671: 0.125 | G671: Dry | H671: Seeds | I671: =IFERROR(VLOOKUP(J671,'[3]Raw material (3)'!H653:Z3729,3,0),"") | J671: =IFERROR(VLOOKUP(K671,'[3]Raw material (3)'!I653:AA3729,3,0),"") | K671: =IFERROR(VLOOKUP(L671,'[3]Raw material (3)'!J653:AB3729,3,0),"") | L671: =IFERROR(VLOOKUP(M671,'[3]Raw material (3)'!K653:AC3729,3,0),"") | M671: =IFERROR(VLOOKUP(N671,'[3]Raw material (3)'!L653:AD3729,3,0),"") | N671: =IFERROR(VLOOKUP(O671,'[3]Raw material (3)'!M653:AE3729,3,0),"") | O671: =IFERROR(VLOOKUP(P671,'[3]Raw material (3)'!N653:AF3729,3,0),"") | P671: =IFERROR(VLOOKUP(Q671,'[3]Raw material (3)'!O653:AG3729,3,0),"") | ... XEM671: =IFERROR(VLOOKUP(XEN671,'[3]Raw material (3)'!XEL653:XFD3729,3,0),"") | XEN671: =IFERROR(VLOOKUP(XEO671,'[3]Raw material (3)'!#REF!,3,0),"") | XEO671: =IFERROR(VLOOKUP(XEP671,'[3]Raw material (3)'!#REF!,3,0),"") | XEP671: =IFERROR(VLOOKUP(XEQ671,'[3]Raw material (3)'!#REF!,3,0),"") | XEQ671: =IFERROR(VLOOKUP(XER671,'[3]Raw material (3)'!#REF!,3,0),"") | XER671: =IFERROR(VLOOKUP(XES671,'[3]Raw material (3)'!#REF!,3,0),"") | XES671: =IFERROR(VLOOKUP(XET671,'[3]Raw material (3)'!#REF!,3,0),"") | XET671: =IFERROR(VLOOKUP(XEU671,'[3]Raw material (3)'!#REF!,3,0),"") | XEU671: =IFERROR(VLOOKUP(XEV671,'[3]Raw material (3)'!#REF!,3,0),"") | ... XFC671: =IFERROR(VLOOKUP(XFD671,'[3]Raw material (3)'!#REF!,3,0),"") | XFD671: =IFERROR(VLOOKUP(#REF!,'[3]Raw material (3)'!#REF!,3,0),"")
A672: Dry Lentil Yellow | C672: DRS4-4907 | D672: Dry Lentil Yellow | E672: Gram | F672: 0.006 | G672: Dry | H672: Lentils
A673: Wet Napkins with FRSH Logo | C673: PKG-5276 | D673: Wet Napkins with FRSH Logo | E673: Each | F673: 0.11 | G673: Non Food | H673: Packaging
A674: Cutlery Set for Diet World Logo 250Set | C674: DWS-5291 | D674: Cutlery Set for Diet World Logo 250Set | E674: Each | F674: 0.36 | G674: Non Food | H674: Packaging
A675: Eco Friendly,Food Cont.Rect,750ML,1Comp,W/Lid | C675: DWS-4779 | D675: Eco Friendly,Food Cont.Rect,750ML,1Comp,W/Lid | E675: Each | F675: 0.58 | G675: Non Food | H675: Packaging
A676: Fabric Bag 31x37x17 CM Laminated with Diet World logo | C676: DWS-5023 | D676: Fabric Bag 31x37x17 CM Laminated with Diet World logo | E676: Each | F676: 0.65 | G676: Non Food | H676: Packaging
A677: Fabric Bag 37x30x7.5 CM Laminated with Diet World logo(Small) | C677: DWS-5267 | D677: Fabric Bag 37x30x7.5 CM Laminated with Diet World logo(Small) | E677: Each | F677: 0.8 | G677: Non Food | H677: Packaging
A678: Plastic Clear 10oz Container With Lid | C678: DWS-1555 | D678: Plastic Clear 10oz Container With Lid | E678: Each | F678: 0.187 | G678: Non Food | H678: Packaging
A679: Plastic Cont,1Comp,05AH08PBK(300 Each) | C679: DWS-4649 | D679: Plastic Cont,1Comp,05AH08PBK(300 Each) | E679: Each | F679: 0.3 | G679: Non Food | H679: Packaging
A680: Plastic Cont,1Comp,08oz White, with Lid | C680: DWS-5102 | D680: Plastic Cont,1Comp,08oz White, with Lid | E680: Each | F680: 0.3 | G680: Non Food | H680: Packaging
A681: Plastic Container 1Compartment (05AH24PBK) W/Lid | C681: DWS-1543 | D681: Plastic Container 1Compartment (05AH24PBK) W/Lid | E681: Each | F681: 0.43333333 | G681: Non Food | H681: Packaging
A682: Plastic Container Black (05AH16PBK) W/Lid | C682: DWS-3583 | D682: Plastic Container Black (05AH16PBK) W/Lid | E682: Each | F682: 0.31666667 | G682: Non Food | H682: Packaging
A683: Plastic Container Clear (05AH16WT) W/Lid | C683: DWS-3212 | D683: Plastic Container Clear (05AH16WT) W/Lid | E683: Each | F683: 0.31666667 | G683: Non Food | H683: Packaging
... A702: Plastic Container,1 Comp,White(K-8000) | C702: DWS-5100 | D702: Plastic Container,1 Comp,White(K-8000) | E702: Each | F702: 0.45 | G702: Non Food | H702: Packaging
A703: Plastic Bag for tea bag | C703: DKG-1530 | D703: Plastic Bag for tea bag | E703: Each | F703: 0.007
A704: Plastic Container,2 Comp,Black(K-8010) W/Lid | C704: DWS-4086 | D704: Plastic Container,2 Comp,Black(K-8010) W/Lid | E704: Each | F704: 0.5 | G704: Non Food | H704: Packaging
A705: Plastic Container,2 Comp,Black(K-9010) W/lid | C705: DWS-3698 | D705: Plastic Container,2 Comp,Black(K-9010) W/lid | E705: Each | F705: 0.436 | G705: Non Food | H705: Packaging
A706: Plastic Container,2 Comp,White(K-8010) W/Lid | C706: DWS-5101 | D706: Plastic Container,2 Comp,White(K-8010) W/Lid | E706: Each | F706: 0.5 | G706: Non Food | H706: Packaging
...

Sheet Per Patient Serving
C2: SMC Regular per Patient Serving
C4: BreakFast | D4: Items | E4: Qty | F4: Sunday | G4: Monday | H4: Tuesday | I4: Wednesday | J4: Thursday | K4: Friday | L4: Saturday
D5: Breakfast main order | E5: 2 | F5: =('Sunday '!G12-F6)*2 -> 2.3108955 | G5: =(Monday!G12-G6)*2 -> 1.5732824 | H5: =(Tuesday!G12-H6)*2 -> 2.191472 | I5: =(Wednesday!G12-I6)*2 -> 2.0818671 | J5: =(Thursday!G12-J6)*2 -> 1.8971435 | K5: =('Friday '!G11-K6)*2 -> 1.7604291 | L5: =('Saturday '!G12-L6)*2 -> 1.621076
D6: Side Vegitable | E6: 1 | F6: ='Sunday '!F11 -> 0.80984619 | G6: =Monday!F11 -> 0.80984619 | H6: =Tuesday!F11 -> 0.80984619 | I6: =Wednesday!F11 -> 0.80984619 | J6: =Thursday!F11 -> 0.80984619 | K6: ='Friday '!F10 -> 0.80984619 | L6: ='Saturday '!F11 -> 0.80984619
D7: Set Sugar,Tea.or Coffee | E7: 1 | F7: ='Raw material list'!F339 -> 0.035 | G7: 0.035 | H7: 0.035 | I7: 0.035 | J7: 0.035 | K7: 0.035 | L7: 0.035
D8: Set Bread White or Brown for Diet Patient | E8: 1 | F8: ='Raw material list'!F13 -> 0.16666667 | G8: 0.16666667 | H8: 0.16666667 | I8: 0.16666667 | J8: 0.16666667 | K8: 0.16666667 | L8: 0.16666667
D9: Cup with lid | E9: 1 | M9: Packing
D10: Milk Cold | E10: 1 | F10: ='Raw material list'!F151 -> 0.00425 | G10: 0.00425 | H10: 0.00425 | I10: 0.00425 | J10: 0.00425 | K10: 0.00425 | L10: 0.00425
D11: Cutlaries set | E11: 1 | M11: Packing
D12: Cheese+ Honey or Jam portion | E12: 1 | F12: ='Raw material list'!F74 -> 0.38 | G12: 0.38 | H12: 0.38 | I12: 0.38 | J12: 0.38 | K12: 0.38 | L12: 0.38
D13: Water bottle 330 ML | E13: 2 | F13: ='Raw material list'!F389*2 -> 0.775 | G13: =0.3875*2 -> 0.775 | H13: =0.3875*2 -> 0.775 | I13: =0.3875*2 -> 0.775 | J13: =0.3875*2 -> 0.775 | K13: =0.3875*2 -> 0.775 | L13: =0.3875*2 -> 0.775
C14: Lunch | D14: Soup | E14: 1 | F14: ='Sunday '!G18 -> 1.1699071 | G14: =Monday!G17 -> 0.62573863 | H14: =Tuesday!G18 -> 0.78345693 | I14: =Wednesday!G18 -> 0.93608825 | J14: =Thursday!G17 -> 0.62573863 | K14: ='Friday '!G17 -> 0.76189772 | L14: ='Saturday '!G18 -> 0.84770267
D15: Salad | E15: 1 | F15: ='Sunday '!G21 -> 1.8050341 | G15: =Monday!G20 -> 1.6720592 | H15: =Tuesday!G21 -> 1.2953686 | I15: =Wednesday!G21 -> 1.8050341 | J15: =Thursday!G20 -> 2.1174144 | K15: ='Friday '!G20 -> 2.0389808 | L15: ='Saturday '!G21 -> 1.7068405
D16: Main course (Ckicken,Beef, Fish) or Pasta | E16: 1 | F16: =MAX('Sunday '!G25:G35) -> 8.5369958 | G16: =MAX(Monday!G24:G35) -> 7.8680767 | H16: =MAX(Tuesday!G25:G35) -> 5.3947808 | I16: =MAX(Wednesday!G24:G35) -> 5.7874866 | J16: =MAX(Thursday!G23:G34) -> 8.5863302 | K16: =MAX('Friday '!G24:G33) -> 5.9494364 | L16: =MAX('Saturday '!G25:G35) -> 6.0152959
D17: Fruit | E17: 1 | F17: ='Master – Recipes'!J79 -> 2.3384075 | G17: 2.3384075 | H17: 2.3384075 | I17: 2.3384075 | J17: 2.3384075 | K17: 2.3384075 | L17: 2.3384075
D18: Juice or Laban or Yoghart | E18: 1 | F18: ='Raw material list'!F147 -> 0.012272727 | G18: 0.012272727 | H18: 0.012272727 | I18: 0.012272727 | J18: 0.012272727 | K18: 0.012272727 | L18: 0.012272727
D19: Water | E19: 2 | F19: =0.3875*2 -> 0.775 | G19: =0.3875*2 -> 0.775 | H19: =0.3875*2 -> 0.775 | I19: =0.3875*2 -> 0.775 | J19: =0.3875*2 -> 0.775 | K19: =0.3875*2 -> 0.775 | L19: =0.3875*2 -> 0.775
D20: Cutlaries | E20: 1 | M20: Packing
C21: Dinner | D21: Soup | E21: 1 | F21: ='Sunday '!G50 -> 0.94078914 | G21: =Monday!G48 -> 0.84124892 | H21: =Tuesday!G49 -> 0.87605056 | I21: =Wednesday!G50 -> 0.82965491 | J21: =Thursday!G49 -> 0.94078914 | K21: ='Friday '!G47 -> 1.0261522 | L21: ='Saturday '!G49 -> 0.93023921
D22: Salad | E22: 1 | F22: ='Sunday '!G53 -> 1.2029384 | G22: =Monday!G51 -> 1.2029384 | H22: =Tuesday!G52 -> 1.2029384 | I22: =Wednesday!G53 -> 1.2029384 | J22: =Thursday!G52 -> 1.2029384 | K22: ='Friday '!G50 -> 1.2029384 | L22: ='Saturday '!G52 -> 1.2029384
D23: Main course (Ckicken,Beef, Fish) or Sandwich or Vegitable | E23: 1 | F23: =MAX('Sunday '!G58:G66) -> 6.530119 | G23: =MAX(Monday!G56:G64) -> 5.7769184 | H23: =MAX(Tuesday!G57:G65) -> 6.0950544 | I23: =MAX(Wednesday!G58:G66) -> 6.0607559 | J23: =MAX(Thursday!G57:G65) -> 5.033731 | K23: =MAX('Friday '!G53:G62) -> 7.3655786 | L23: =MAX('Saturday '!G57:G65) -> 5.033731
D24: Dessert | E24: 1 | F24: ='Sunday '!G44 -> 0.94041226 | G24: =Monday!G43 -> 0.91422879 | H24: =Tuesday!G44 -> 0.91376546 | I24: =Wednesday!G44 -> 0.89719994 | J24: =Thursday!G43 -> 0.87980433 | K24: ='Friday '!G42 -> 0.89719994 | L24: ='Saturday '!G44 -> 0.89719994
D25: Juice or Laban or Yoghart | E25: 1 | F25: =F18 -> 0.012272727 | G25: 0.012272727 | H25: 0.012272727 | I25: 0.012272727 | J25: 0.012272727 | K25: 0.012272727 | L25: 0.012272727
D26: Water | E26: 2 | F26: =0.3875*2 -> 0.775 | G26: =0.3875*2 -> 0.775 | H26: =0.3875*2 -> 0.775 | I26: =0.3875*2 -> 0.775 | J26: =0.3875*2 -> 0.775 | K26: =0.3875*2 -> 0.775 | L26: =0.3875*2 -> 0.775
D27: Cutlaries | E27: 1 | M27: Packing
C28: Snacks | D28: Water | E28: 1 | F28: =0.3875 -> 0.3875 | G28: =0.3875 -> 0.3875 | H28: =0.3875 -> 0.3875 | I28: =0.3875 -> 0.3875 | J28: =0.3875 -> 0.3875 | K28: =0.3875 -> 0.3875 | L28: =0.3875 -> 0.3875
D29: English Cake or Muffin | E29: 1 | F29: ='Master – Recipes'!J82 -> 0.55247265 | G29: 0.55247265 | H29: 0.55247265 | I29: 0.55247265 | J29: 0.55247265 | K29: 0.55247265 | L29: 0.55247265
D30: Tea Set or Coffee with cup and Lid | E30: 1 | F30: =F7 -> 0.035 | G30: 0.035 | H30: 0.035 | I30: 0.035 | J30: 0.035 | K30: 0.035 | L30: 0.035
D31: Average Food Cost per patient | F31: =SUM(F5:F30) -> 30.49578 | G31: =SUM(G5:G30) -> 27.53318 | H31: =SUM(H5:H30) -> 25.811576 | I31: =SUM(I5:I30) -> 26.659714 | J31: =SUM(J5:J30) -> 28.342578 | K31: =SUM(K5:K30) -> 28.061302 | L31: =SUM(L5:L30) -> 25.313712
D32: Packing Cost | F32: ='Packing Cost'!H31 -> 6.21856 | G32: 6.21856 | H32: 6.21856 | I32: 6.21856 | J32: 6.21856 | K32: 6.21856 | L32: 6.21856
D33: Labour Cost | E33: assumed | F33: 10 | G33: 10 | H33: 10 | I33: 10 | J33: 10 | K33: 10 | L33: 10
D34: Delivery Cost | E34: assumed | F34: 8 | G34: 8 | H34: 8 | I34: 8 | J34: 8 | K34: 8 | L34: 8
D35: Total Cost Per Patient | F35: =SUM(F31:F34) -> 54.71434 | G35: =SUM(G31:G34) -> 51.75174 | H35: =SUM(H31:H34) -> 50.030136 | I35: =SUM(I31:I34) -> 50.878274 | J35: =SUM(J31:J34) -> 52.561138 | K35: =SUM(K31:K34) -> 52.279862 | L35: =SUM(L31:L34) -> 49.532272

Sheet Saturday 
A1: BREAKFAST & LUNCH & DINNER INPATIENTS MENU 2026
A2: DIET TYPE | B2: Saturday | C2: Average cooking Weight per in-Patient | F2: Food Cost | G2: ='Sunday '!G3 -> Avg.Food Cost
B3: BREAKFAST | C3: UOM | D3: Minimum | E3: Maximum
A4: category | B4: Main Course Breakfast
A5: RD | B5: Croissant Cheese and Foul Meddames | C5: Gram | D5: 180 | E5: 200 | F5: ='Master – Recipes'!J124+'Master – Recipes'!J125 -> 1.5496102
A6: DM/ CARDIAC | B6: Foul and Labneh | C6: Gram | D6: 180 | E6: 200 | F6: ='Master – Recipes'!J125+'Master – Recipes'!J126 -> 2.3675044
A7: RENAL | B7: Labneh and Boiled Egg | C7: Gram | D7: Scope 80 Grm | F7: ='Master – Recipes'!J126+'Master – Recipes'!J127 -> 2.0236299
A8: DM/ CARDIAC | B8: Boiled Egg 1 Pcs and Foul | C8: Gram | D8: 180 | E8: 200 | F8: ='Master – Recipes'!J127+'Master – Recipes'!J125 -> 1.5539903
A9: SD | B9: (Soft Diet) Fruits Pudding and Boiled egg | F9: ='Master – Recipes'!J128+'Master – Recipes'!J127 -> 2.0381086
A10: category | B10: Side Items Breakfast
A11: RD/ DM / CARDIAC | B11: Sliced Vegetables with Olives | F11: ='Master – Recipes'!J131 -> 0.80984619
A12: ALL DIETS | B12: TEA SET PACKET | F12: 1 | G12: =AVERAGE(F5:F12) -> 1.6203842
B13: LUNCH
A14: Category | B14: Soup
A15: REGULAR DIET / DIABETIC DIET | B15: Turkish Red Lentil Soup | C15: ML | D15: 180 | E15: 200 | F15: ='Master – Recipes'!J121 -> 0.5598686
A16: REGULAR DIET / DIABETIC DIET | B16: Cream of Chicken Soup | C16: ML | D16: 180 | E16: 200 | F16: ='Master – Recipes'!J123 -> 1.0430936
A17: CLEAR LIQUID DIET | B17: Clear Soup | C17: ML | D17: 180 | E17: 200 | F17: =F49 -> 0.7437073
A18: SOFT DIET | B18: Strained Cream of Chicken Soup | C18: ML | D18: 180 | E18: 200 | F18: ='Master – Recipes'!J102 -> 1.0441412 | G18: =AVERAGE(F15:F18) -> 0.84770267
A19: Category | B19: Salad
A20: REGULAR DIET / DIABETIC DIET | B20: GREEK SALAD With Lemon Dressing | C20: Gram | D20: 125 | E20: 180 | F20: ='Master – Recipes'!J160 -> 1.9849722
A21: SOFT DIET | B21: SPECIAL DIET SALAD ( Lettuce, peeled cucumber and Shredded Carrots ) | C21: Gram | D21: 125 | E21: 180 | F21: =F52 -> 1.4287088 | G21: =AVERAGE(F20:F21) -> 1.7068405
A22: Category | B22: Main Course - Lunch
A23: REGULAR DIET / DIABETIC DIET | B23: Chicken Butter Sauce With White Rice | C23: Gram | D23: 380 | E23: 460 | F23: ='Master – Recipes'!J53 -> 6.4857536
A24: REGULAR DIET / DIABETIC DIET | B24: Seafood Sayadeya with Tahina Sauce | C24: Gram | D24: 380 | E24: 460 | F24: ='Master – Recipes'!J16 -> 5.1319822
A25: REGULAR DIET / DIABETIC DIET | B25: Beef Spaghetti Bolognese | C25: Gram | D25: 380 | E25: 460 | F25: ='Master – Recipes'!J52 -> 6.4281519 | G25: =AVERAGE(F23:F25) -> 6.0152959
A26: Category | B26: Daily Main Course - Lunch
A27: REGULAR DIET / DIABETIC DIET | B27: Chicken Curry with White Rice | C27: Gram | D27: 380 | E27: 460 | F27: ='Master – Recipes'!J63 -> 5.9948634
A28: ANTI D DIET | B28: Boiled Chicken with Soft Rice/ Boiled potato and Boiled Vegetables | C28: Gram | D28: 280 | E28: 350 | F28: ='Master – Recipes'!J71 -> 5.1052596
A29: CARDIAC DIET | B29: low sodium low Seasoning Grilled Chicken Breast with white Rice, Sauteed Mixed Veggies & Vegetarian Edam Cut Beans stew | C29: Gram | D29: 280 | E29: 350 | F29: ='Master – Recipes'!J61 -> 6.3497875
A30: RENAL DIET | B30: low sodium low Seasoning Grilled Fish with White Rice & Vegetable Sauté | C30: Gram | D30: 280 | E30: 350 | F30: ='Master – Recipes'!J72 -> 5.4259856
A31: REGULAR DIET / DIABETIC DIET | B31: Chicken Kabssa With Dakkous Sauce | C31: Gram | D31: 380 | E31: 460 | F31: ='Master – Recipes'!J68 -> 6.4354071
A32: REGULAR DIET / DIABETIC DIET | B32: Chicken Adobo W/ Potato and Soft Rice | C32: Gram | D32: 380 | E32: 460 | F32: ='Master – Recipes'!J51 -> 6.1659875
A33: SOFT DIET | B33: Cream Chicken Pasta and Mashed Vegetables | C33: Gram | D33: 280 | E33: 350 | F33: ='Master – Recipes'!J55 -> 5.6308093
A34: SOFT DIET | B34: Soft Diet- beef White Jareesh Healthy Style with Mashed Vegetables | C34: Gram | D34: 280 | E34: 350 | F34: ='Master – Recipes'!J62 -> 2.2027468
A35: PUREE DIET | B35: Puree Lunch (Chicken and Vegetables) | C35: Gram | D35: 280 | E35: 350 | F35: ='Master – Recipes'!J67 -> 3.1325787 | G35: =AVERAGE(F27:F35) -> 5.1603806
A36: Category | B36: Dessert
A37: REGULAR DIET | B37: Seasonal Fresh Sliced Fruits | F37: ='Master – Recipes'!J78 -> 0.99192628
A38: REGULAR DIET | B38: Seasonal Fresh VIP Fruits | F38: 1
A39: REGULAR DIET | B39: Marble English Cake | F39: ='Master – Recipes'!J84 -> 0.41624188
A40: REGULAR DIET | B40: Sweet of The Day | F40: ='Master – Recipes'!J87 -> 0.77427396
A41: SOFT DIET | B41: Regular Mohalabeya | F41: ='Master – Recipes'!J74 -> 1.0043667
A42: DIABETIC DIET | B42: Diabetic Mohalabeya | F42: ='Master – Recipes'!J75 -> 1.5512533
A43: CLEAR LIQUID DIET | B43: Jello | F43: ='Master – Recipes'!J76 -> 0.41019
A44: SOFT DIET | B44: Custard | F44: ='Master – Recipes'!J77 -> 1.0293474 | G44: =AVERAGE(F37:F44) -> 0.89719994
B45: DINNER
A46: Category | B46: Soup
A47: REGULAR DIET / DIABETIC DIET/ SOFT | B47: Crème of Leeks & Potato | C47: ML | D47: 180 | E47: 200 | F47: ='Master – Recipes'!J120 -> 0.83361288
A48: REGULAR DIET / DIABETIC DIET | B48: Chicken Ministrone Soup | C48: ML | D48: 180 | E48: 200 | F48: ='Master – Recipes'!J119 -> 1.2133975
A49: CLEAR LIQUID DIET | B49: Clear Soup | C49: ML | D49: 180 | E49: 200 | F49: ='Master – Recipes'!J88 -> 0.7437073 | G49: =AVERAGE(F47:F49) -> 0.93023921
A50: Category | B50: Salad
A51: REGULAR DIET / DIABETIC DIET | B51: Cucumber Yogurt Salad | C51: Gram | D51: 125 | E51: 180 | F51: ='Master – Recipes'!J153 -> 0.97716804
A52: SOFT DIET | B52: SPECIAL DIET SALAD ( Lettuce, peeled cucumber and Shredded Carrots ) | C52: Gram | D52: 125 | E52: 180 | F52: ='Master – Recipes'!J152 -> 1.4287088 | G52: =AVERAGE(F51:F52) -> 1.2029384
A53: Category | B53: Main Course - Dinner
A54: REGULAR DIET / DIABETIC DIET | B54: Soya Chicken with Young Corn & BBQ Vegetables w/ white rice | C54: Gram | D54: 380 | E54: 460 | F54: ='Master – Recipes'!J57 -> 6.4492342
A55: REGULAR DIET / DIABETIC DIET | B55: Minted Meat Balls with Tomato Sauce & Turmeric Rice | C55: Gram | D55: 380 | E55: 460 | F55: ='Master – Recipes'!J50 -> 4.2230279
A56: REGULAR DIET / DIABETIC DIET | B56: Chicken Burger with potato Wedges or Fries | C56: Gram | D56: =50+60+50 -> 160 | E56: =60+60+50 -> 170 | F56: ='Master – Recipes'!J54 -> 5.2662599
A57: REGULAR DIET / DIABETIC DIET/ VEGETARIAN DIET | B57: Mixed Vegetable Stew Vegetarian with White Rice | C57: Gram | D57: 380 | E57: 460 | F57: ='Master – Recipes'!J60 -> 3.3350321 | G57: =AVERAGE(F54:F57) -> 4.8183885
A58: Category | B58: Daily Main Course - Dinner
A59: REGULAR DIET / DIABETIC DIET | B59: Beef Curry with White Rice | C59: Gram | D59: 380 | E59: 460 | F59: ='Master – Recipes'!J65 -> 6.7409804
A60: ANTI D DIET | B60: Boiled Chicken with Soft Rice/ Mashed potato | C60: Gram | D60: 280 | E60: 350 | F60: ='Master – Recipes'!J71 -> 5.1052596
A61: CARDIAC DIET | B61: low sodium low Seasoning Grilled Chicken Breast with Vermicelli Rice with Vegetable Sauté | C61: Gram | D61: 280 | E61: 350 | F61: ='Master – Recipes'!J61 -> 6.3497875
A62: RENAL DIET | B62: low sodium low Seasoning Grilled Fish with White Rice with Vegetable Sauté | C62: Gram | D62: 280 | E62: 350 | F62: =F30 -> 5.4259856
A63: REGULAR DIET / DIABETIC DIET | B63: Chicken Kabssa With Dakkous Sauce | C63: Gram | D63: 380 | E63: 460 | F63: ='Master – Recipes'!J68 -> 6.4354071
A64: SOFT DIET | B64: Soft Diet - Chicken Saleeg Healthy style WITH Mashed potato | C64: Gram | D64: 280 | E64: 350 | F64: ='Master – Recipes'!J66 -> 2.551359
A65: PUREE DIET | B65: Puree Dinner ( Beef and Vegetable) | C65: Gram | D65: 280 | E65: 350 | F65: ='Master – Recipes'!J69 -> 2.6273379 | G65: =AVERAGE(F59:F65) -> 5.033731

Sheet Sunday 
A1: BREAKFAST & LUNCH & DINNER INPATIENTS MENU 2026
A2: DIET TYPE | B2: Sunday
B3: BREAKFAST | C3: Average cooking Weight per in-Patient | F3: Food Cost | G3: =Monday!G3 -> Avg.Food Cost
A4: category | B4: Main Course Breakfast | C4: UOM | D4: Minimum | E4: Maximum
A5: RD | B5: Danish Pastry and Shaksouka | F5: ='Master – Recipes'!J136+'Master – Recipes'!J137 -> 3.1504642
A6: DM/ CARDIAC | B6: Foul and Labneh | C6: Gram | D6: 180 | E6: 200 | F6: ='Master – Recipes'!J125+'Master – Recipes'!J126 -> 2.3675044
A7: RENAL | B7: Labneh and Boiled Egg | C7: Gram | D7: Scope 80 Grm | F7: ='Saturday '!F7 -> 2.0236299
A8: DM/ CARDIAC | B8: Boiled Egg and Foul | C8: Gram | D8: 180 | E8: 200 | F8: ='Saturday '!F8 -> 1.5539903
A9: SD | B9: (Soft Diet) Oats Pudding and Labneh | F9: ='Master – Recipes'!J128+'Master – Recipes'!J126 -> 2.8516227
A10: category | B10: Side Items Breakfast
A11: RD/ DM / CARDIAC | B11: Sliced Vegetabels with Olives | F11: ='Saturday '!F11 -> 0.80984619
A12: ALL DIETS | B12: TEA SET PACKET | F12: ='Saturday '!F12 -> 1 | G12: =AVERAGE(F5:F12) -> 1.9652939
B13: LUNCH
A14: Category | B14: Soup
A15: REGULAR DIET / DIABETIC DIET | B15: Crème of Mushroom | C15: ML | D15: 180 | E15: 200 | F15: ='Master – Recipes'!J106 -> 1.3110862
A16: REGULAR DIET / DIABETIC DIET | B16: Beef Oats Soup | C16: ML | D16: 180 | E16: 200 | F16: ='Master – Recipes'!J116 -> 1.3133124
A17: CLEAR LIQUID DIET | B17: Clear Soup | C17: ML | D17: 180 | E17: 200 | F17: =F49 -> 0.7437073
A18: SOFT DIET | B18: Strained Cream of Mushroom Soup for Soft Diet Patients | C18: ML | D18: 180 | E18: 200 | F18: ='Master – Recipes'!J107 -> 1.3115227 | G18: =AVERAGE(F15:F18) -> 1.1699071
A19: Category | B19: Salad
A20: REGULAR DIET / DIABETIC DIET | B20: Beetroot Quinoa Salad | C20: Gram | D20: 125 | E20: 180 | F20: ='Master – Recipes'!J154 -> 2.1813593
A21: SOFT DIET | B21: SPECIAL DIET SALAD ( Lettuce, peeled cucumber and Shredded Carrots ) | C21: Gram | D21: 125 | E21: 180 | F21: =F53 -> 1.4287088 | G21: =AVERAGE(F20:F21) -> 1.8050341
A22: Category | B22: Main Course - Lunch
A23: REGULAR DIET / DIABETIC DIET | B23: Chicken Mushroom , Basil Alfredo Sauce , Mashed Potato | C23: Gram | D23: 380 | E23: 460 | F23: ='Master – Recipes'!J70 -> 7.8081778
A24: REGULAR DIET / DIABETIC DIET | B24: Thai Shrimp Curry With White Rice | C24: Gram | D24: 380 | E24: 460 | F24: ='Master – Recipes'!J4 -> 10.883114
A25: REGULAR DIET / DIABETIC DIET | B25: Kebbeh Labnieh with Vermicelli Rice | C25: Gram | D25: 380 | E25: 460 | F25: ='Master – Recipes'!J15 -> 6.9196954 | G25: =AVERAGE(F23:F25) -> 8.5369958
A26: Category | B26: Daily Main Course - Lunch
A27: REGULAR DIET / DIABETIC DIET | B27: Chicken Curry with White Rice | C27: Gram | D27: 380 | E27: 460 | F27: ='Saturday '!F27 -> 5.9948634
A28: ANTI D DIET | B28: Soft Diet - Boiled Chicken with Soft Rice/ Boiled potato and Boiled Vegetables | C28: Gram | D28: 280 | E28: 350 | F28: ='Saturday '!F28 -> 5.1052596
A29: CARDIAC DIET | B29: low sodium low Seasoning Grilled Chicken Breast with white Rice with Vegetable Saute & Side Vegetarian Edam Okra Stew | C29: Gram | D29: 280 | E29: 350 | F29: ='Saturday '!F29 -> 6.3497875
A30: RENAL DIET | B30: low sodium low Seasoning Grilled Fish with White Rice with Vegetable Saute | C30: Gram | D30: 280 | E30: 350 | F30: ='Saturday '!F30 -> 5.4259856
A31: REGULAR DIET / DIABETIC DIET | B31: Chicken Kabssa With Dakkous Sauce | C31: Gram | D31: 380 | E31: 460 | F31: ='Saturday '!F31 -> 6.4354071
A32: REGULAR DIET / DIABETIC DIET | B32: Beef Picadillo w/ Soft Rice | C32: Gram | D32: 380 | E32: 460 | F32: ='Saturday '!F32 -> 6.1659875
A33: SOFT DIET | B33: Cream Chicken Pasta and Mashed Vegetables | C33: Gram | D33: 280 | E33: 350 | F33: ='Saturday '!F33 -> 5.6308093
A34: SOFT DIET | B34: Soft Diet- beef White Jareesh Healthy Style with Mashed Vegetables | C34: Gram | D34: 280 | E34: 350 | F34: ='Saturday '!F34 -> 2.2027468
A35: PUREE DIET | B35: Puree Lunch (Chicken and Vegetables) | C35: Gram | D35: 280 | E35: 350 | F35: ='Saturday '!F35 -> 3.1325787 | G35: =AVERAGE(F27:F35) -> 5.1603806
A36: Category | B36: Dessert
A37: REGULAR DIET | B37: Seasonal Fresh Sliced Fruits | F37: ='Saturday '!F37 -> 0.99192628
A38: REGULAR DIET | B38: Seasonal Fresh VIP Fruits | F38: ='Saturday '!F38 -> 1
A39: REGULAR DIET | B39: Blueberry Muffins | F39: ='Master – Recipes'!J80 -> 0.76194044
A40: REGULAR DIET | B40: Sweet of The Day | F40: ='Saturday '!F40 -> 0.77427396
A41: SOFT DIET | B41: Reguler Mohalabeya | F41: ='Saturday '!F41 -> 1.0043667
A42: DIABETIC DIET | B42: Dibetic Mohalabeya | F42: ='Saturday '!F42 -> 1.5512533
A43: CLEAR LIQUID DIET | B43: Jello | F43: ='Saturday '!F43 -> 0.41019
A44: SOFT DIET | B44: Custard | F44: ='Saturday '!F44 -> 1.0293474 | G44: =AVERAGE(F37:F44) -> 0.94041226
B45: DINNER
A46: Category | B46: Soup
A47: REGULAR DIET / DIABETIC DIET | B47: Cream of Corn Soup | C47: ML | D47: 180 | E47: 200 | F47: ='Master – Recipes'!J109 -> 0.86168234
A48: REGULAR DIET / DIABETIC DIET | B48: Chicken & Orzo Pasta Vegetable Soup | C48: ML | D48: 180 | E48: 200 | F48: ='Master – Recipes'!J113 -> 1.2960846
A49: CLEAR LIQUID DIET | B49: Clear Soup | C49: ML | D49: 180 | E49: 200 | F49: ='Saturday '!F49 -> 0.7437073
A50: SOFT DIET | B50: Strained Cream of Corn Soup | C50: ML | D50: 180 | E50: 200 | F50: ='Master – Recipes'!J110 -> 0.86168234 | G50: =AVERAGE(F47:F50) -> 0.94078914
A51: Category | B51: Salad
A52: REGULAR DIET / DIABETIC DIET | B52: Cucumber Yogurt Salad | C52: Gram | D52: 125 | E52: 180 | F52: ='Saturday '!F51 -> 0.97716804
A53: SOFT DIET | B53: SPECIAL DIET SALAD ( Lettuce, peeled cucumber and Shredded Carrots ) | C53: Gram | D53: 125 | E53: 180 | F53: ='Saturday '!F52 -> 1.4287088 | G53: =AVERAGE(F52:F53) -> 1.2029384
A54: Category | B54: Main Course - Dinner
A55: REGULAR DIET / DIABETIC DIET | B55: Chicken Biryani | C55: Gram | D55: 380 | E55: 460 | F55: ='Master – Recipes'!J81 -> 7.0718912
A56: REGULAR DIET / DIABETIC DIET | B56: Russian Meat Ball with White Rice | C56: Gram | D56: 380 | E56: 460 | F56: ='Master – Recipes'!J59 -> 4.3653295
A57: REGULAR DIET / DIABETIC DIET | B57: Mushroom Steak Sandwich With Fries or Potato Wedges | C57: Gram | D57: 380 | E57: 460 | F57: ='Master – Recipes'!J20 -> 10.793473
A58: REGULAR DIET / DIABETIC DIET/ VEGETARIAN DIET | B58: (Veggie) Vegetables Lasagna | C58: Gram | D58: 380 | E58: 460 | F58: ='Master – Recipes'!J48 -> 3.8897818 | G58: =AVERAGE(F55:F58) -> 6.530119
A59: Category | B59: Daily Main Course - Dinner
A60: REGULAR DIET / DIABETIC DIET | B60: Beef Curry with White Rice | C60: Gram | D60: 380 | E60: 460 | F60: ='Saturday '!F59 -> 6.7409804
A61: ANTI D DIET | B61: Boiled Chicken with Soft Rice/ Mashed potato | C61: Gram | D61: 280 | E61: 350 | F61: ='Saturday '!F60 -> 5.1052596
A62: CARDIAC DIET | B62: low sodium low Seasoning Grilled Chicken Breast with Vermicelli Rice with Vegetable Saute | C62: Gram | D62: 280 | E62: 350 | F62: ='Saturday '!F61 -> 6.3497875
A63: RENAL DIET | B63: low sodium low Seasoning Grilled Fish with White Rice with Vegetable Saute | C63: Gram | D63: 280 | E63: 350 | F63: ='Saturday '!F62 -> 5.4259856
A64: REGULAR DIET / DIABETIC DIET | B64: Chicken Kabssa With Dakkous Sauce | C64: Gram | D64: 380 | E64: 460 | F64: ='Saturday '!F63 -> 6.4354071
A65: SOFT DIET | B65: Soft Diet - Chicken Saleeg Healthy style WITH Mashed potato | C65: Gram | D65: 280 | E65: 350 | F65: ='Saturday '!F64 -> 2.551359
A66: PUREE DIET | B66: Puree Dinner ( Beef and Vegetable) | C66: Gram | D66: 280 | E66: 350 | F66: ='Saturday '!F65 -> 2.6273379 | G66: =AVERAGE(F60:F66) -> 5.033731

Sheet Monday
A1: BREAKFAST & LUNCH & DINNER INPATIENTS MENU 2026
A2: DIET TYPE | B2: Monday
B3: BREAKFAST | C3: Average cooking Weight per in-Patient | F3: Food Cost | G3: =Tuesday!G3 -> Avg.Food Cost
A4: category | B4: Main Course Breakfast | C4: UOM | D4: Minimum | E4: Maximum
A5: RD | B5: Foul Gulaba and Halwa Tahiniah (60 Gram) | C5: Gram | D5: 180 | E5: 200 | F5: ='Master – Recipes'!J139+'Master – Recipes'!J140 -> 1.3823324
A6: DM/ CARDIAC | B6: Foul and Labneh | C6: Gram | D6: 180 | E6: 200 | F6: ='Sunday '!F6 -> 2.3675044
A7: RENAL | B7: Labneh and Boiled Egg | C7: Gram | D7: Scope 80 Grm | F7: ='Sunday '!F7 -> 2.0236299
A8: DM/ CARDIAC | B8: Boiled Egg and Foul | C8: Gram | D8: 180 | E8: 200 | F8: ='Saturday '!F8 -> 1.5539903
A9: SD | B9: (Soft Diet) Fruits Pudding and Boiled egg | F9: ='Master – Recipes'!J128+'Master – Recipes'!J127 -> 2.0381086
A10: category | B10: Side Items Breakfast
A11: RD/ DM / CARDIAC | B11: Sliced Vegetabels with Olives | F11: ='Sunday '!F11 -> 0.80984619
A12: ALL DIETS | B12: TEA SET PACKET | F12: ='Sunday '!F12 -> 1 | G12: =AVERAGE(F5:F12) -> 1.5964874
B13: LUNCH
A14: Category | B14: Soup
A15: REGULAR DIET / DIABETIC DIET / SOFT | B15: Crème of Potato with Pumpkin | C15: ML | D15: 180 | E15: 200 | F15: ='Master – Recipes'!J96 -> 0.67128473
A16: REGULAR DIET / DIABETIC DIET | B16: Lentil Soup | C16: ML | D16: 180 | E16: 200 | F16: ='Master – Recipes'!J97 -> 0.46222385
A17: CLEAR LIQUID DIET | B17: Clear Soup | C17: ML | D17: 180 | E17: 200 | F17: ='Sunday '!F17 -> 0.7437073 | G17: =AVERAGE(F15:F17) -> 0.62573863
A18: Category | B18: Salad
A19: REGULAR DIET / DIABETIC DIET | B19: Fattoush Salad With Pomegranate Sauce | C19: Gram | D19: 125 | E19: 180 | F19: ='Master – Recipes'!J155 -> 1.9154095
A20: SOFT DIET | B20: SPECIAL DIET SALAD ( Lettuce, peeled cucumber and Shredded Carrots ) | C20: Gram | D20: 125 | E20: 180 | F20: =F51 -> 1.4287088 | G20: =AVERAGE(F19:F20) -> 1.6720592
A21: Category | B21: Main Course - Lunch
A22: REGULAR DIET / DIABETIC DIET | B22: Chicken Mandi with Dokus Sauce | C22: Gram | D22: 380 | E22: 460 | F22: ='Master – Recipes'!J7 -> 5.6578315
A23: REGULAR DIET / DIABETIC DIET | B23: Fish Harrah with Saffron Rice | C23: Gram | D23: 380 | E23: 460 | F23: ='Master – Recipes'!J92 -> 6.6429072
A24: REGULAR DIET / DIABETIC DIET | B24: Veal with Red Lebanese Style Burgul | C24: Gram | D24: 380 | E24: 460 | F24: ='Master – Recipes'!J10 -> 11.303491 | G24: =AVERAGE(F22:F24) -> 7.8680767
A25: Category | B25: Daily Main Course - Lunch
A26: REGULAR DIET / DIABETIC DIET | B26: Chicken Curry with White Rice | C26: Gram | D26: 380 | E26: 460 | F26: ='Sunday '!F27 -> 5.9948634
A27: ANTI D DIET | B27: Soft Diet - Boiled Chicken with Soft Rice/ Boiled potato and Boiled Vegetables | C27: Gram | D27: 280 | E27: 350 | F27: ='Sunday '!F28 -> 5.1052596
A28: CARDIAC DIET | B28: low sodium low Seasoning Grilled Chicken Breast with white Rice with Vegetable Saute & Vegetarian Edam Molokeya with Potato | C28: Gram | D28: 280 | E28: 350 | F28: ='Sunday '!F29 -> 6.3497875
A29: RENAL DIET | B29: low sodium low Seasoning Grilled Fish with White Rice with Vegetable Saute | C29: Gram | D29: 280 | E29: 350 | F29: ='Sunday '!F30 -> 5.4259856
A30: REGULAR DIET / DIABETIC DIET | B30: Chicken Kabssa With Dakkous Sauce | C30: Gram | D30: 380 | E30: 460 | F30: ='Sunday '!F31 -> 6.4354071
A31: REGULAR DIET / DIABETIC DIET | B31: Chicken Afritada w/ Soft Rice | C31: Gram | D31: 380 | E31: 460 | F31: ='Sunday '!F32 -> 6.1659875
A32: SOFT DIET | B32: Cream Chicken Pasta and Mashed Vegetables | C32: Gram | D32: 280 | E32: 350 | F32: ='Sunday '!F33 -> 5.6308093
A33: SOFT DIET | B33: Soft Diet- beef White Jareesh Healthy Style with Mashed Vegetables | C33: Gram | D33: 280 | E33: 350 | F33: ='Sunday '!F34 -> 2.2027468
A34: PUREE DIET | B34: Puree Lunch (Chicken and Vegetables) | C34: Gram | D34: 280 | E34: 350 | F34: ='Sunday '!F35 -> 3.1325787 | G34: =AVERAGE(F26:F34) -> 5.1603806
A35: Category | B35: Dessert
A36: REGULAR DIET | B36: Seasonal Fresh Sliced Fruits | F36: ='Sunday '!F37 -> 0.99192628
A37: REGULAR DIET | B37: Seasonal Fresh VIP Fruits | F37: ='Sunday '!F38 -> 1
A38: REGULAR DIET | B38: Vanilla English Cake | F38: ='Master – Recipes'!J82 -> 0.55247265
A39: REGULAR DIET | B39: Sweet of The Day | F39: ='Master – Recipes'!J87 -> 0.77427396
A40: SOFT DIET | B40: Reguler Mohalabeya | F40: ='Master – Recipes'!J74 -> 1.0043667
A41: DIABETIC DIET | B41: Dibetic Mohalabeya | F41: ='Master – Recipes'!J75 -> 1.5512533
A42: CLEAR LIQUID DIET | B42: Jello | F42: ='Master – Recipes'!J76 -> 0.41019
A43: SOFT DIET | B43: Custard | F43: ='Master – Recipes'!J77 -> 1.0293474 | G43: =AVERAGE(F36:F43) -> 0.91422879
B44: DINNER
A45: Category | B45: Soup
A46: REGULAR DIET / DIABETIC DIET | B46: Creamy Green pees soup | C46: ML | D46: 180 | E46: 200 | F46: ='Master – Recipes'!J99 -> 0.92849179
A47: REGULAR DIET / DIABETIC DIET | B47: Chicken potato white Soup | C47: ML | D47: 180 | E47: 200 | F47: ='Master – Recipes'!J98 -> 0.85154767
A48: CLEAR LIQUID DIET | B48: Clear Soup | C48: ML | D48: 180 | E48: 200 | F48: ='Sunday '!F17 -> 0.7437073 | G48: =AVERAGE(F46:F48) -> 0.84124892
A49: Category | B49: Salad
A50: REGULAR DIET / DIABETIC DIET | B50: Cucumber Yogurt Salad | C50: Gram | D50: 125 | E50: 180 | F50: ='Saturday '!F51 -> 0.97716804
A51: SOFT DIET | B51: SPECIAL DIET SALAD ( Lettuce, peeled cucumber and Shredded Carrots ) | C51: Gram | D51: 125 | E51: 180 | F51: ='Sunday '!F21 -> 1.4287088 | G51: =AVERAGE(F50:F51) -> 1.2029384
A52: Category | B52: Main Course - Dinner
A53: REGULAR DIET / DIABETIC DIET | B53: Chicken Maccaroni Bechamel with Tomato Sauce | C53: Gram | D53: 380 | E53: 460 | F53: ='Master – Recipes'!J41 -> 8.5678848
A54: REGULAR DIET / DIABETIC DIET | B54: Kofta with Potato, Eggplant with White Rice | C54: Gram | D54: 380 | E54: 460 | F54: ='Master – Recipes'!J11 -> 7.344752
A55: REGULAR DIET / DIABETIC DIET | B55: Halloumi Panini Pesto Sandwich With Potato Chips Lays Al Forno | C55: Gram | D55: 380 | E55: 460 | F55: ='Master – Recipes'!J46 -> 4.0530987
A56: REGULAR DIET / DIABETIC DIET/ VEGETARIAN DIET | B56: ( Veggie ) Koshari with Crispy Onion & Tomato Sauce | C56: Gram | D56: 380 | E56: 460 | F56: ='Master – Recipes'!J9 -> 3.1419381 | G56: =AVERAGE(F53:F56) -> 5.7769184
A57: Category | B57: Daily Main Course - Dinner
A58: REGULAR DIET / DIABETIC DIET | B58: Beef Curry with White Rice | C58: Gram | D58: 380 | E58: 460 | F58: ='Sunday '!F60 -> 6.7409804
A59: ANTI D DIET | B59: Boiled Chicken with Soft Rice/ Mashed potato | C59: Gram | D59: 280 | E59: 350 | F59: ='Sunday '!F61 -> 5.1052596
A60: CARDIAC DIET | B60: low sodium low Seasoning Grilled Chicken Breast with Vermicelli Rice with Vegetable Saute | C60: Gram | D60: 280 | E60: 350 | F60: ='Sunday '!F62 -> 6.3497875
A61: RENAL DIET | B61: low sodium low Seasoning Grilled Fish with White Rice with Vegetable Saute | C61: Gram | D61: 280 | E61: 350 | F61: ='Sunday '!F63 -> 5.4259856
A62: REGULAR DIET / DIABETIC DIET | B62: Chicken Kabssa With Dakkous Sauce | C62: Gram | D62: 380 | E62: 460 | F62: ='Sunday '!F64 -> 6.4354071
A63: SOFT DIET | B63: Soft Diet - Chicken Saleeg Healthy style WITH Mashed potato | C63: Gram | D63: 280 | E63: 350 | F63: ='Sunday '!F65 -> 2.551359
A64: PUREE DIET | B64: Puree Dinner ( Beef and Vegetable) | C64: Gram | D64: 280 | E64: 350 | F64: ='Sunday '!F66 -> 2.6273379 | G64: =AVERAGE(F58:F64) -> 5.033731

Sheet Tuesday
A1: BREAKFAST & LUNCH & DINNER INPATIENTS MENU 2026
A2: DIET TYPE | B2: Tuesday
B3: BREAKFAST | C3: Average cooking Weight per in-Patient | F3: Food Cost | G3: =Wednesday!G3 -> Avg.Food Cost
A4: Category | B4: Main Course Breakfast | C4: UOM | D4: Minimum | E4: Maximum
A5: RD | B5: Chicken Manakish and Labneh | C5: Gram | D5: 180 | E5: 200 | F5: ='Master – Recipes'!J141+'Master – Recipes'!J126 -> 2.7324821
A6: DM/ CARDIAC | B6: Foul and Labneh | C6: Gram | D6: 180 | E6: 200 | F6: =Monday!F6 -> 2.3675044
A7: RENAL | B7: Labneh and Boiled Egg | C7: Gram | D7: Scope 80 Grm | F7: =Monday!F7 -> 2.0236299
A8: DM/ CARDIAC | B8: Boiled Egg and Foul | C8: Gram | D8: 180 | E8: 200 | F8: =Monday!F8 -> 1.5539903
A9: SD | B9: (Soft Diet) Oats Pudding and Labneh | C9: Gram | D9: Scope 80 Grm | F9: ='Master – Recipes'!J128+'Master – Recipes'!J126 -> 2.8516227
A10: Category | B10: Side Items Breakfast
A11: RD/ DM / CARDIAC | B11: Sliced Vegetabels with Olives | F11: =Monday!F11 -> 0.80984619
A12: ALL DIETS | B12: TEA SET PACKET | F12: =Monday!F12 -> 1 | G12: =AVERAGE(F5:F12) -> 1.9055822
B13: LUNCH
A14: Category | B14: Soup
A15: REGULAR DIET / DIABETIC DIET | B15: Rice Chicken Lemon Soup | C15: ML | D15: 180 | E15: 200 | F15: ='Master – Recipes'!J100 -> 0.90540986
A16: REGULAR DIET / DIABETIC DIET | B16: Tomato Oats soup with Vegetables | C16: ML | D16: 180 | E16: 200 | F16: ='Master – Recipes'!J101 -> 0.44056938
A17: CLEAR LIQUID DIET | B17: Clear Soup | C17: ML | D17: 180 | E17: 200 | F17: =F49 -> 0.7437073
A18: SOFT DIET | B18: Strained Crème of Chicken for Soft Diet Patients | C18: ML | D18: 180 | E18: 200 | F18: ='Master – Recipes'!J102 -> 1.0441412 | G18: =AVERAGE(F15:F18) -> 0.78345693
A19: Category | B19: Salad
A20: REGULAR DIET / DIABETIC DIET | B20: Beetroot Green Salad with with Lemon Dressing | C20: Gram | D20: 125 | E20: 180 | F20: ='Master – Recipes'!J156 -> 1.1620283
A21: SOFT DIET | B21: SPECIAL DIET SALAD ( Lettuce, peeled cucumber and Shredded Carrots ) | C21: Gram | D21: 125 | E21: 180 | F21: =Monday!F20 -> 1.4287088 | G21: =AVERAGE(F20:F21) -> 1.2953686
A22: Category | B22: Main Course - Lunch
A23: REGULAR DIET / DIABETIC DIET | B23: Beef Lasagna | C23: Gram | D23: 380 | E23: 460 | F23: ='Master – Recipes'!J17 -> 5.4967263
A24: REGULAR DIET / DIABETIC DIET | B24: Fish Sayadieh with Brown Rice And Tahina Sauce | C24: Gram | D24: 380 | E24: 460 | F24: ='Saturday '!F24 -> 5.1319822
A25: REGULAR DIET / DIABETIC DIET | B25: Sweet And Sour Chicken With White Rice | C25: Gram | D25: 380 | E25: 460 | F25: ='Master – Recipes'!J14 -> 5.555634 | G25: =AVERAGE(F23:F25) -> 5.3947808
A26: Category | B26: Daily Main Course - Lunch
A27: REGULAR DIET / DIABETIC DIET | B27: Chicken Curry with White Rice | C27: Gram | D27: 380 | E27: 460 | F27: =Monday!F26 -> 5.9948634
A28: ANTI D DIET | B28: Soft Diet - Boiled Chicken with Soft Rice/ Boiled potato and Boiled Vegetables | C28: Gram | D28: 280 | E28: 350 | F28: =Monday!F27 -> 5.1052596
A29: CARDIAC DIET | B29: low sodium low Seasoning Grilled Chicken Breast with white Rice with Vegetable Sauté & Vegetarian Edam Potato & Marrow with Pumpkin & Mint | C29: Gram | D29: 280 | E29: 350 | F29: =Monday!F28 -> 6.3497875
A30: RENAL DIET | B30: low sodium low Seasoning Grilled Fish with White Rice with Vegetable Sauté | C30: Gram | D30: 280 | E30: 350 | F30: =Monday!F29 -> 5.4259856
A31: REGULAR DIET / DIABETIC DIET | B31: Chicken Kabssa With Dakkous Sauce | C31: Gram | D31: 380 | E31: 460 | F31: =Monday!F30 -> 6.4354071
A32: REGULAR DIET / DIABETIC DIET | B32: Stifry beef with vegetables and soft Rice | C32: Gram | D32: 380 | E32: 460 | F32: =Monday!F31 -> 6.1659875
A33: SOFT DIET | B33: Cream Chicken Pasta and Mashed Vegetables | C33: Gram | D33: 280 | E33: 350 | F33: =Monday!F32 -> 5.6308093
A34: SOFT DIET | B34: Soft Diet- beef White Jareesh Healthy Style with Mashed Vegetables | C34: Gram | D34: 280 | E34: 350 | F34: =Monday!F33 -> 2.2027468
A35: PUREE DIET | B35: Puree Lunch (Chicken and Vegetables) | C35: Gram | D35: 280 | E35: 350 | F35: =Monday!F34 -> 3.1325787 | G35: =AVERAGE(F27:F35) -> 5.1603806
A36: Category | B36: Dessert
A37: REGULAR DIET | B37: Seasonal Fresh Sliced Fruits | F37: =Monday!F36 -> 0.99192628
A38: REGULAR DIET | B38: Seasonal Fresh VIP Fruits | F38: =Monday!F37 -> 1
A39: REGULAR DIET | B39: Carrots & Cinnamon Muffins | F39: ='Master – Recipes'!J83 -> 0.54876607
A40: REGULAR DIET | B40: Sweet of The Day | F40: ='Master – Recipes'!J87 -> 0.77427396
A41: SOFT DIET | B41: Regular Mohalabeya | F41: =Monday!F40 -> 1.0043667
A42: DIABETIC DIET | B42: Diabetic Mohalabeya | F42: =Monday!F41 -> 1.5512533
A43: CLEAR LIQUID DIET | B43: Jello | F43: =Monday!F42 -> 0.41019
A44: SOFT DIET | B44: Custard | F44: =Monday!F43 -> 1.0293474 | G44: =AVERAGE(F37:F44) -> 0.91376546
B45: DINNER
A46: Category | B46: Soup
A47: REGULAR DIET / DIABETIC DIET | B47: Crème of Potato with Pumpkin | C47: ML | D47: 180 | E47: 200 | F47: ='Master – Recipes'!J103 -> 0.71622716
A48: REGULAR DIET / DIABETIC DIET | B48: Beef Vermicelli Rice soup | C48: ML | D48: 180 | E48: 200 | F48: ='Master – Recipes'!J104 -> 1.1682172
A49: CLEAR LIQUID DIET | B49: Clear Soup | C49: ML | D49: 180 | E49: 200 | F49: ='Saturday '!F49 -> 0.7437073 | G49: =AVERAGE(F47:F49) -> 0.87605056
A50: Category | B50: Salad
A51: REGULAR DIET / DIABETIC DIET | B51: Cucumber Yogurt | C51: Gram | D51: 125 | E51: 180 | F51: ='Saturday '!F51 -> 0.97716804
A52: SOFT DIET | B52: SPECIAL DIET SALAD ( Lettuce, peeled cucumber and Shredded Carrots ) | C52: Gram | D52: 125 | E52: 180 | F52: =F21 -> 1.4287088 | G52: =AVERAGE(F51:F52) -> 1.2029384
A53: Category | B53: Main Course - Dinner
A54: REGULAR DIET / DIABETIC DIET | B54: Beef steak mushroom sauce and potatoes gratin and Vegetable | C54: Gram | D54: 380 | E54: 460 | F54: ='Master – Recipes'!J20 -> 10.793473
A55: REGULAR DIET / DIABETIC DIET | B55: Chicken Shish Tawook With Sautéed vegetables and White rice | C55: Gram | D55: 380 | E55: 460 | F55: ='Master – Recipes'!J18 -> 5.8126987
A56: REGULAR DIET / DIABETIC DIET | B56: Beef Burger With Potato Wedges Or Fries | C56: Gram | D56: 380 | E56: 460 | F56: ='Master – Recipes'!J54 -> 5.2662599
A57: REGULAR DIET / DIABETIC DIET/ VEGETARIAN DIET | B57: Vegetable Curry with White Rice | C57: Gram | D57: 380 | E57: 460 | F57: ='Master – Recipes'!J21 -> 2.5077857 | G57: =AVERAGE(F54:F57) -> 6.0950544
A58: Category | B58: Daily Main Course - Dinner
A59: REGULAR DIET / DIABETIC DIET | B59: Beef Curry with White Rice | C59: Gram | D59: 380 | E59: 460 | F59: =Monday!F58 -> 6.7409804
A60: ANTI D DIET | B60: Boiled Chicken with Soft Rice/ Mashed potato | C60: Gram | D60: 280 | E60: 350 | F60: =Monday!F59 -> 5.1052596
A61: CARDIAC DIET | B61: low sodium low Seasoning Grilled Chicken Breast with Vermicelli Rice with Vegetable Sauté | C61: Gram | D61: 280 | E61: 350 | F61: =Monday!F60 -> 6.3497875
A62: RENAL DIET | B62: low sodium low Seasoning Grilled Fish with White Rice with Vegetable Sauté | C62: Gram | D62: 280 | E62: 350 | F62: =Monday!F61 -> 5.4259856
A63: REGULAR DIET / DIABETIC DIET | B63: Chicken Kabssa With Dakkous Sauce | C63: Gram | F63: =Monday!F62 -> 6.4354071
A64: SOFT DIET | B64: Soft Diet - Chicken Saleeg Healthy style WITH Mashed potato | C64: Gram | D64: 280 | E64: 350 | F64: =Monday!F63 -> 2.551359
A65: PUREE DIET | B65: Puree Dinner ( Beef and Vegetable) | C65: Gram | D65: 280 | E65: 350 | F65: =Monday!F64 -> 2.6273379 | G65: =AVERAGE(F59:F65) -> 5.033731

Sheet Wednesday
A1: BREAKFAST & LUNCH & DINNER INPATIENTS MENU 2026
A2: DIET TYPE | B2: Wednesday
B3: BREAKFAST | C3: Average cooking Weight per in-Patient | F3: Food Cost | G3: =Thursday!G3 -> Avg.Food Cost
A4: category | B4: Main Course Breakfast | C4: UOM | D4: Minimum | E4: Maximum
A5: RD | B5: Croissant Zaatar and Baked Egg | F5: ='Master – Recipes'!J143+'Master – Recipes'!J142 -> 2.3488648
A6: DM/ CARDIAC | B6: Foul and Labneh | C6: Gram | D6: 180 | E6: 200 | F6: =Tuesday!F6 -> 2.3675044
A7: RENAL | B7: Labneh and Boiled Egg | C7: Gram | D7: Scope 80 Grm | F7: =Tuesday!F7 -> 2.0236299
A8: DM/ CARDIAC | B8: Boiled Egg and Foul | C8: Gram | D8: 180 | E8: 200 | F8: =Tuesday!F8 -> 1.5539903
A9: SD | B9: (Soft Diet) Fruits Pudding and Boiled egg | F9: =Tuesday!F9 -> 2.8516227
A10: category | B10: Side Items Breakfast
A11: RD/ DM / CARDIAC | B11: Sliced Vegetabels with Olives | F11: =Tuesday!F11 -> 0.80984619
A12: ALL DIETS | B12: TEA SET PACKET | F12: =Tuesday!F12 -> 1 | G12: =AVERAGE(F5:F12) -> 1.8507797
B13: LUNCH
A14: Category | B14: Soup
A15: REGULAR DIET / DIABETIC DIET | B15: Crème of Mushroom | C15: ML | D15: 180 | E15: 200 | F15: ='Master – Recipes'!J106 -> 1.3110862
A16: REGULAR DIET / DIABETIC DIET | B16: Lentil Vegetable Soup | C16: ML | D16: 180 | E16: 200 | F16: ='Master – Recipes'!J114 -> 0.37803683
A17: CLEAR LIQUID DIET | B17: Clear Soup | C17: ML | D17: 180 | E17: 200 | F17: =Tuesday!F17 -> 0.7437073
A18: SOFT DIET | B18: Strained Crème of Mushroom | C18: ML | D18: 180 | E18: 200 | F18: ='Master – Recipes'!J107 -> 1.3115227 | G18: =AVERAGE(F15:F18) -> 0.93608825
A19: Category | B19: Salad
A20: REGULAR DIET / DIABETIC DIET | B20: Beetroot Quinoa Salad | C20: Gram | D20: 125 | E20: 180 | F20: ='Master – Recipes'!J157 -> 2.1813593
A21: SOFT DIET | B21: SPECIAL DIET SALAD ( Lettuce, peeled cucumber and Shredded Carrots ) | C21: Gram | D21: 125 | E21: 180 | F21: ='Master – Recipes'!J152 -> 1.4287088 | G21: =AVERAGE(F20:F21) -> 1.8050341
A22: Category | B22: Main Course - Lunch
A23: REGULAR DIET / DIABETIC DIET | B23: Daoud Basha Vermicelli Rice | C23: Gram | D23: 380 | E23: 460 | F23: ='Master – Recipes'!J23 -> 5.2145677
A24: REGULAR DIET / DIABETIC DIET | B24: Herb Lemon Fish with Potato & White Rice | C24: Gram | D24: 380 | E24: 460 | F24: ='Master – Recipes'!J30 -> 5.8248983
A25: REGULAR DIET / DIABETIC DIET | B25: Chicken Stroganoff with Mashed Potato | C25: Gram | D25: 380 | E25: 460 | F25: ='Master – Recipes'!J31 -> 6.3229937 | G25: =AVERAGE(F23:F25) -> 5.7874866
A26: Category | B26: Daily Main Course - Lunch
A27: REGULAR DIET / DIABETIC DIET | B27: Chicken Curry with White Rice | C27: Gram | D27: 380 | E27: 460 | F27: =Tuesday!F27 -> 5.9948634
A28: ANTI D DIET | B28: Soft Diet - Boiled Chicken with Soft Rice/ Boiled potato and Boiled Vegetables | C28: Gram | D28: 280 | E28: 350 | F28: =Tuesday!F28 -> 5.1052596
A29: CARDIAC DIET | B29: low sodium low Seasoning Grilled Chicken Breast with white Rice with Vegetable Saute & Vegetarian Edam Okra Stew with Tomato & Coriendar | C29: Gram | D29: 280 | E29: 350 | F29: =Tuesday!F29 -> 6.3497875
A30: RENAL DIET | B30: low sodium low Seasoning Grilled Fish with White Rice with Vegetable Saute | C30: Gram | D30: 280 | E30: 350 | F30: =Tuesday!F30 -> 5.4259856
A31: REGULAR DIET / DIABETIC DIET | B31: Chicken Kabssa With Dakkous Sauce | C31: Gram | D31: 380 | E31: 460 | F31: =Tuesday!F31 -> 6.4354071
A32: REGULAR DIET / DIABETIC DIET | B32: Chicken Tinola w/ Papaya & Chili Leaves Soft Rice | C32: Gram | D32: 380 | E32: 460 | F32: =Tuesday!F32 -> 6.1659875
A33: SOFT DIET | B33: Cream Chicken Pasta and Mashed Vegetables | C33: Gram | D33: 280 | E33: 350 | F33: =Tuesday!F33 -> 5.6308093
A34: SOFT DIET | B34: Soft Diet- beef White Jareesh Healthy Style with Mashed Vegetables | C34: Gram | D34: 280 | E34: 350 | F34: =Tuesday!F34 -> 2.2027468
A35: PUREE DIET | B35: Puree Lunch (Chicken and Vegetables) | C35: Gram | D35: 280 | E35: 350 | F35: =Tuesday!F35 -> 3.1325787 | G35: =AVERAGE(F27:F35) -> 5.1603806
A36: Category | B36: Dessert
A37: REGULAR DIET | B37: Seasonal Fresh Sliced Fruits | F37: =Tuesday!F37 -> 0.99192628
A38: REGULAR DIET | B38: Seasonal Fresh VIP Fruits | F38: =Tuesday!F38 -> 1
A39: REGULAR DIET | B39: Marable Sliced Cake | F39: ='Master – Recipes'!J84 -> 0.41624188
A40: REGULAR DIET | B40: Sweet of The Day | F40: ='Master – Recipes'!J87 -> 0.77427396
A41: SOFT DIET | B41: Reguler Mohalabeya | F41: =Tuesday!F41 -> 1.0043667
A42: DIABETIC DIET | B42: Dibetic Mohalabeya | F42: =Tuesday!F42 -> 1.5512533
A43: CLEAR LIQUID DIET | B43: Jello | F43: =Tuesday!F43 -> 0.41019
A44: SOFT DIET | B44: Custard | F44: =Tuesday!F44 -> 1.0293474 | G44: =AVERAGE(F37:F44) -> 0.89719994
B45: DINNER
A46: Category | B46: Soup
A47: REGULAR DIET / DIABETIC DIET | B47: Chicken potato white Soup | C47: ML | D47: 180 | E47: 200 | F47: ='Master – Recipes'!J98 -> 0.85154767
A48: REGULAR DIET / DIABETIC DIET | B48: Crème of Corn Soup | C48: ML | D48: 180 | E48: 200 | F48: ='Master – Recipes'!J93 -> 0.86168234
A49: CLEAR LIQUID DIET | B49: Clear Soup | C49: ML | D49: 180 | E49: 200 | F49: =F17 -> 0.7437073
A50: SOFT DIET | B50: Strained Cream of Corn Soup for Soft Diet Patients | C50: ML | D50: 180 | E50: 200 | F50: ='Master – Recipes'!J95 -> 0.86168234 | G50: =AVERAGE(F47:F50) -> 0.82965491
A51: Category | B51: Salad
A52: REGULAR DIET / DIABETIC DIET | B52: Cucumber Yogurt Salad | C52: Gram | D52: 125 | E52: 180 | F52: ='Saturday '!F51 -> 0.97716804
A53: SOFT DIET | B53: SPECIAL DIET SALAD ( Lettuce, peeled cucumber and Shredded Carrots ) | C53: Gram | D53: 125 | E53: 180 | F53: ='Saturday '!F52 -> 1.4287088 | G53: =AVERAGE(F52:F53) -> 1.2029384
A54: Category | B54: Main Course - Dinner
A55: REGULAR DIET / DIABETIC DIET | B55: Veal stew with vegetables and Saffron Rice | C55: Gram | D55: 380 | E55: 460 | F55: ='Master – Recipes'!J24 -> 11.442416
A56: REGULAR DIET / DIABETIC DIET | B56: Chicken Noodles Canton | C56: Gram | D56: 380 | E56: 460 | F56: ='Master – Recipes'!J27 -> 5.2164375
A57: REGULAR DIET / DIABETIC DIET | B57: Turkey with Cheese Sandwich W/ Potato Chips Lays Al Forno | C57: Gram | D57: 380 | E57: 460 | F57: ='Master – Recipes'!J29 -> 4.2491379
A58: REGULAR DIET / DIABETIC DIET/ VEGETARIAN DIET | B58: Mixed Vegetable Stew Vegetarian with White Rice | C58: Gram | D58: 380 | E58: 460 | F58: ='Master – Recipes'!J60 -> 3.3350321 | G58: =AVERAGE(F55:F58) -> 6.0607559
A59: Category | B59: Daily Main Course - Dinner
A60: REGULAR DIET / DIABETIC DIET | B60: Beef Curry with White Rice | C60: Gram | D60: 380 | E60: 460 | F60: =Tuesday!F59 -> 6.7409804
A61: ANTI D DIET | B61: Boiled Chicken with Soft Rice/ Mashed potato | C61: Gram | D61: 280 | E61: 350 | F61: =Tuesday!F60 -> 5.1052596
A62: CARDIAC DIET | B62: low sodium low Seasoning Grilled Chicken Breast with Vermicelli Rice with Vegetable Saute | C62: Gram | D62: 280 | E62: 350 | F62: =Tuesday!F61 -> 6.3497875
A63: RENAL DIET | B63: low sodium low Seasoning Grilled Fish with White Rice with Vegetable Saute | C63: Gram | D63: 280 | E63: 350 | F63: =Tuesday!F62 -> 5.4259856
A64: REGULAR DIET / DIABETIC DIET | B64: Chicken Kabssa With Dakkous Sauce | C64: Gram | D64: 380 | E64: 460 | F64: =Tuesday!F63 -> 6.4354071
A65: SOFT DIET | B65: Soft Diet - Chicken Saleeg Healthy style WITH Mashed potato | C65: Gram | D65: 280 | E65: 350 | F65: =Tuesday!F64 -> 2.551359
A66: PUREE DIET | B66: Puree Dinner ( Beef and Vegetable) | C66: Gram | D66: 280 | E66: 350 | F66: =Tuesday!F65 -> 2.6273379 | G66: =AVERAGE(F60:F66) -> 5.033731

Sheet Thursday
A1: BREAKFAST & LUNCH & DINNER INPATIENTS MENU 2026
A2: DIET TYPE | B2: Thursday
B3: BREAKFAST | C3: Average cooking Weight per in-Patient | F3: Food Cost | G3: ='Friday '!G2 -> Avg.Food Cost
A4: category | B4: Main Course Breakfast | C4: UOM | D4: Minimum | E4: Maximum
A5: RD | B5: Pizza Veggie Margherita and Foul Medmas | C5: Gram | D5: 180 | E5: 200 | F5: ='Master – Recipes'!J144+'Master – Recipes'!J125 -> 1.7023321
A6: DM/ CARDIAC | B6: Foul and Labneh | C6: Gram | D6: 180 | E6: 200 | F6: =Wednesday!F6 -> 2.3675044
A7: RENAL | B7: Labneh and Boiled Egg | C7: Gram | D7: Scope 80 Grm | F7: =Wednesday!F7 -> 2.0236299
A8: DM/ CARDIAC | B8: Boiled Egg and Foul | C8: Gram | D8: 180 | E8: 200 | F8: =Wednesday!F8 -> 1.5539903
A9: SD | B9: (Soft Diet) Oats Pudding and Labneh | C9: Gram | D9: Scope 80 Grm | F9: ='Master – Recipes'!J128+'Master – Recipes'!J126 -> 2.8516227
A10: category | B10: Side Items Breakfast
A11: RD/ DM / CARDIAC | B11: Sliced Vegetabels with Olives | F11: =Wednesday!F11 -> 0.80984619
A12: ALL DIETS | B12: TEA SET PACKET | F12: =Wednesday!F12 -> 1 | G12: =AVERAGE(F5:F12) -> 1.7584179
B13: LUNCH
A14: Category | B14: Soup
A15: REGULAR DIET / DIABETIC DIET | B15: Crème of Potato with Pumpkin | C15: ML | D15: 180 | E15: 200 | F15: ='Master – Recipes'!J96 -> 0.67128473
A16: REGULAR DIET / DIABETIC DIET | B16: Red Lentil Soup | C16: ML | D16: 180 | E16: 200 | F16: ='Master – Recipes'!J112 -> 0.46222385
A17: CLEAR LIQUID DIET | B17: Clear Soup | C17: ML | D17: 180 | E17: 200 | F17: =Wednesday!F17 -> 0.7437073 | G17: =AVERAGE(F15:F17) -> 0.62573863
A18: Category | B18: Salad
A19: REGULAR DIET / DIABETIC DIET | B19: Mexican Salad with Thousand Island Dressing | C19: Gram | D19: 125 | E19: 180 | F19: ='Master – Recipes'!J158 -> 2.80612
A20: SOFT DIET | B20: SPECIAL DIET SALAD ( Lettuce, peeled cucumber and Shredded Carrots ) | C20: Gram | D20: 125 | E20: 180 | F20: =Tuesday!F21 -> 1.4287088 | G20: =AVERAGE(F19:F20) -> 2.1174144
A21: Category | B21: Main Course - Lunch
A22: REGULAR DIET / DIABETIC DIET | B22: Chicken Supreme with Pasta | C22: Gram | D22: 380 | E22: 460 | F22: ='Master – Recipes'!J41 -> 8.5678848
A23: REGULAR DIET / DIABETIC DIET | B23: Fish Sweet and Sour with white Rice | C23: Gram | D23: 380 | E23: 460 | F23: ='Master – Recipes'!J33 -> 6.0397511
A24: REGULAR DIET / DIABETIC DIET | B24: Meat Mandi with Tahina Sauce | C24: Gram | D24: 380 | E24: 460 | F24: ='Master – Recipes'!J35 -> 11.151355 | G24: =AVERAGE(F22:F24) -> 8.5863302
A25: Category | B25: Daily Main Course - Lunch
A26: REGULAR DIET / DIABETIC DIET | B26: Chicken Curry with White Rice | C26: Gram | D26: 380 | E26: 460 | F26: =Wednesday!F27 -> 5.9948634
A27: ANTI D DIET | B27: Soft Diet - Boiled Chicken with Soft Rice/ Boiled potato and Boiled Vegetables | C27: Gram | D27: 280 | E27: 350 | F27: =Wednesday!F28 -> 5.1052596
A28: CARDIAC DIET | B28: low sodium low Seasoning Grilled Chicken Breast with white Rice with Vegetable Saute & Vegetarian Edam - Mixed Vegetables Stew with Tomato | C28: Gram | D28: 280 | E28: 350 | F28: =Wednesday!F29 -> 6.3497875
A29: RENAL DIET | B29: low sodium low Seasoning Grilled Fish with White Rice with Vegetable Saute | C29: Gram | D29: 280 | E29: 350 | F29: =Wednesday!F30 -> 5.4259856
A30: REGULAR DIET / DIABETIC DIET | B30: Chicken Kabssa With Dakkous Sauce | C30: Gram | D30: 380 | E30: 460 | F30: =Wednesday!F31 -> 6.4354071
A31: REGULAR DIET / DIABETIC DIET | B31: Beef Kaldereta w/ Soft Rice | C31: Gram | D31: 380 | E31: 460 | F31: =Wednesday!F32 -> 6.1659875
A32: SOFT DIET | B32: Cream Chicken Pasta and Mashed Vegetables | C32: Gram | D32: 280 | E32: 350 | F32: =Wednesday!F33 -> 5.6308093
A33: SOFT DIET | B33: Soft Diet- beef White Jareesh Healthy Style with Mashed Vegetables | C33: Gram | D33: 280 | E33: 350 | F33: =Wednesday!F34 -> 2.2027468
A34: PUREE DIET | B34: Puree Lunch (Chicken and Vegetables) | C34: Gram | D34: 280 | E34: 350 | F34: =Wednesday!F35 -> 3.1325787 | G34: =AVERAGE(F26:F34) -> 5.1603806
A35: Category | B35: Dessert
A36: REGULAR DIET | B36: Seasonal Fresh Sliced Fruits | F36: =Wednesday!F37 -> 0.99192628
A37: REGULAR DIET | B37: Seasonal Fresh VIP Fruits | F37: =Wednesday!F38 -> 1
A38: REGULAR DIET | B38: Lemon Sliced Cake | F38: ='Master – Recipes'!J85 -> 0.277077
A39: REGULAR DIET | B39: Sweet of The Day | F39: =Wednesday!F40 -> 0.77427396
A40: SOFT DIET | B40: Reguler Mohalabeya | F40: =Wednesday!F41 -> 1.0043667
A41: DIABETIC DIET | B41: Dibetic Mohalabeya | F41: =Wednesday!F42 -> 1.5512533
A42: CLEAR LIQUID DIET | B42: Jello | F42: =Wednesday!F43 -> 0.41019
A43: SOFT DIET | B43: Custard | F43: =Wednesday!F44 -> 1.0293474 | G43: =AVERAGE(F36:F43) -> 0.87980433
B44: DINNER
A45: Category | B45: Soup
A46: REGULAR DIET / DIABETIC DIET | B46: Chicken & Orzo Pasta Vegetable Soup | C46: ML | D46: 180 | E46: 200 | F46: ='Master – Recipes'!J113 -> 1.2960846
A47: REGULAR DIET / DIABETIC DIET | B47: Cream of Corn Soup | C47: ML | D47: 180 | E47: 200 | F47: =Wednesday!F48 -> 0.86168234
A48: CLEAR LIQUID DIET | B48: Clear Soup | C48: ML | D48: 180 | E48: 200 | F48: =F17 -> 0.7437073
A49: SOFT DIET | B49: Strained Cream of Corn Soup | C49: ML | D49: 180 | E49: 200 | F49: =Wednesday!F50 -> 0.86168234 | G49: =AVERAGE(F46:F49) -> 0.94078914
A50: Category | B50: Salad
A51: REGULAR DIET / DIABETIC DIET | B51: Cucumber Yogurt Salad | C51: Gram | D51: 125 | E51: 180 | F51: ='Saturday '!F51 -> 0.97716804
A52: SOFT DIET | B52: SPECIAL DIET SALAD ( Lettuce, peeled cucumber and Shredded Carrots ) | C52: Gram | D52: 125 | E52: 180 | F52: ='Saturday '!F52 -> 1.4287088 | G52: =AVERAGE(F51:F52) -> 1.2029384
A53: Category | B53: Main Course - Dinner
A54: REGULAR DIET / DIABETIC DIET | B54: Chicken Ball with Rose Sauce and White Rice | C54: Gram | D54: 380 | E54: 460 | F54: ='Master – Recipes'!J39 -> 4.0389844
A55: REGULAR DIET / DIABETIC DIET | B55: Greek Meat Moussaka With Vermicelli Rice | C55: Gram | D55: 380 | E55: 460 | F55: ='Master – Recipes'!J38 -> 6.5225486
A56: REGULAR DIET / DIABETIC DIET | B56: Chiken Fajita Sandwich W/ French Fries or Potato Wedges | C56: Gram | D56: 380 | E56: 460 | F56: ='Master – Recipes'!J36 -> 6.2694975
A57: REGULAR DIET / DIABETIC DIET/ VEGETARIAN DIET | B57: ( Veggie ) Koshari with Crispy Onion & Tomato Sauce | C57: Gram | D57: 380 | E57: 460 | F57: ='Master – Recipes'!J9 -> 3.1419381 | G57: =AVERAGE(F54:F57) -> 4.9932422
A58: Category | B58: Daily Main Course - Dinner
A59: REGULAR DIET / DIABETIC DIET | B59: Beef Curry with White Rice | C59: Gram | D59: 380 | E59: 460 | F59: =Wednesday!F60 -> 6.7409804
A60: ANTI D DIET | B60: Boiled Chicken with Soft Rice/ Mashed potato | C60: Gram | D60: 280 | E60: 350 | F60: =Wednesday!F61 -> 5.1052596
A61: CARDIAC DIET | B61: low sodium low Seasoning Grilled Chicken Breast with Vermicelli Rice with Vegetable Saute | C61: Gram | D61: 280 | E61: 350 | F61: =Wednesday!F62 -> 6.3497875
A62: RENAL DIET | B62: low sodium low Seasoning Grilled Fish with White Rice with Vegetable Saute | C62: Gram | D62: 280 | E62: 350 | F62: =Wednesday!F63 -> 5.4259856
A63: REGULAR DIET / DIABETIC DIET | B63: Chicken Kabssa With Dakkous Sauce | C63: Gram | D63: 380 | E63: 460 | F63: =Wednesday!F64 -> 6.4354071
A64: SOFT DIET | B64: Soft Diet - Chicken Saleeg Healthy style WITH Mashed potato | C64: Gram | D64: 280 | E64: 350 | F64: =Wednesday!F65 -> 2.551359
A65: PUREE DIET | B65: Puree Dinner ( Beef and Vegetable) | C65: Gram | D65: 280 | E65: 350 | F65: =Wednesday!F66 -> 2.6273379 | G65: =AVERAGE(F59:F65) -> 5.033731

Sheet Friday 
A1: BREAKFAST & LUNCH & DINNER INPATIENTS MENU 2026
A2: DIET TYPE | B2: Friday | C2: Average cooking Weight per in-Patient | F2: Food Cost | G2: Avg.Food Cost
A3: category | B3: Main Course Breakfast | C3: UOM | D3: Minimum | E3: Maximum
A4: RD | B4: Oats Porridge w/ Dried Mix Fruits and Boiled Egg | F4: ='Master – Recipes'!J145+'Master – Recipes'!J127 -> 2.0373459
A5: DM/ CARDIAC | B5: Foul and Labneh | C5: Gram | D5: 180 | E5: 200 | F5: =Thursday!F6 -> 2.3675044
A6: RENAL | B6: Labneh and Boiled Egg | C6: Gram | D6: Scope 80 Grm | F6: =Thursday!F7 -> 2.0236299
A7: DM/ CARDIAC | B7: Boiled Egg and Foul | C7: Gram | D7: 180 | E7: 200 | F7: =Thursday!F8 -> 1.5539903
A8: SD | B8: (Soft Diet) Fruits Pudding and Boiled egg | F8: ='Master – Recipes'!J128+'Master – Recipes'!J127 -> 2.0381086
A9: category | B9: Side Items Breakfast
A10: RD/ DM / CARDIAC | B10: Sliced Vegetabels with Olives | F10: =Thursday!F11 -> 0.80984619
A11: ALL DIETS | B11: TEA SET PACKET | F11: =Thursday!F12 -> 1 | G11: =AVERAGE(F4:F11) -> 1.6900607
B12: LUNCH
A13: Category | B13: Soup
A14: REGULAR DIET / DIABETIC DIET | B14: Lentil Vegetable Soup | C14: ML | D14: 180 | E14: 200 | F14: ='Master – Recipes'!J114 -> 0.37803683
A15: REGULAR DIET / DIABETIC DIET | B15: Beef Oats Soup | C15: ML | D15: 180 | E15: 200 | F15: ='Master – Recipes'!J116 -> 1.3133124
A16: CLEAR LIQUID DIET | B16: clear Soup | C16: ML | D16: 180 | E16: 200 | F16: ='Saturday '!F17 -> 0.7437073
A17: SOFT DIET | B17: Cream Of Vegetable Soup | C17: ML | D17: 180 | E17: 200 | F17: ='Master – Recipes'!J115 -> 0.61253432 | G17: =AVERAGE(F14:F17) -> 0.76189772
A18: Category | B18: Salad
A19: REGULAR DIET / DIABETIC DIET | B19: Caesar salad with Caesar dressing | C19: Gram | D19: 125 | E19: 180 | F19: ='Master – Recipes'!J159 -> 2.6492527
A20: SOFT DIET | B20: SPECIAL DIET SALAD ( Lettuce, peeled cucumber and Shredded Carrots ) | C20: Gram | D20: 125 | E20: 180 | F20: ='Saturday '!F21 -> 1.4287088 | G20: =AVERAGE(F19:F20) -> 2.0389808
A21: Category | B21: Main Course - Lunch
A22: REGULAR DIET / DIABETIC DIET | B22: Chicken Biryani | C22: Gram | D22: 380 | E22: 460 | F22: ='Master – Recipes'!J81 -> 7.0718912
A23: REGULAR DIET / DIABETIC DIET | B23: Greek Baked Fish & Spinach Rice | C23: Gram | D23: 380 | E23: 460 | F23: ='Master – Recipes'!J47 -> 6.7233194
A24: REGULAR DIET / DIABETIC DIET | B24: kebab halabi with White Rice | C24: Gram | D24: 380 | E24: 460 | F24: ='Master – Recipes'!J46 -> 4.0530987 | G24: =AVERAGE(F22:F24) -> 5.9494364
A25: Category | B25: Daily Main Course - Lunch
A26: REGULAR DIET / DIABETIC DIET | B26: Chicken Curry with White Rice | C26: Gram | D26: 380 | E26: 460 | F26: =Thursday!F26 -> 5.9948634
A27: ANTI D DIET | B27: Soft Diet - Boiled Chicken with Soft Rice/ Boiled potato and Boiled Vegetables | C27: Gram | D27: 280 | E27: 350 | F27: =Thursday!F27 -> 5.1052596
A28: CARDIAC DIET | B28: low sodium low Seasoning Grilled Chicken Breast with white Rice with Vegetable Sauté & Vegetarian Edam Molokeya Puree with Potato | C28: Gram | D28: 280 | E28: 350 | F28: =Thursday!F28 -> 6.3497875
A29: RENAL DIET | B29: low sodium low Seasoning Grilled Fish with White Rice with Vegetable Sauté | C29: Gram | D29: 280 | E29: 350 | F29: =Thursday!F29 -> 5.4259856
A30: REGULAR DIET / DIABETIC DIET | B30: Chicken Kabssa With Dakkous Sauce | C30: Gram | D30: 380 | E30: 460 | F30: =Thursday!F30 -> 6.4354071
A31: SOFT DIET | B31: Cream Chicken Pasta and Mashed Vegetables | C31: Gram | D31: 280 | E31: 350 | F31: =Thursday!F31 -> 6.1659875
A32: SOFT DIET | B32: Soft Diet- beef White Jareesh Healthy Style with Mashed Vegetables | C32: Gram | D32: 280 | E32: 350 | F32: =Thursday!F32 -> 5.6308093
A33: PUREE DIET | B33: Puree Lunch (Chicken and Vegetables) | C33: Gram | D33: 280 | E33: 350 | F33: =Thursday!F33 -> 2.2027468 | G33: =AVERAGE(F26:F33) -> 5.4138559
A34: Category | B34: Dessert
A35: REGULAR DIET | B35: Seasonal Fresh Sliced Fruits | F35: =Thursday!F36 -> 0.99192628
A36: REGULAR DIET | B36: Seasonal Fresh VIP Fruits | F36: =Thursday!F37 -> 1
A37: REGULAR DIET | B37: Vanilla English Cake | F37: ='Master – Recipes'!J84 -> 0.41624188
A38: REGULAR DIET | B38: Sweet of The Day | F38: =Thursday!F39 -> 0.77427396
A39: SOFT DIET | B39: Regular Mohalabeya | F39: =Thursday!F40 -> 1.0043667
A40: DIABETIC DIET | B40: Diabetic Mohalabeya | F40: =Thursday!F41 -> 1.5512533
A41: CLEAR LIQUID DIET | B41: Jello | F41: =Thursday!F42 -> 0.41019
A42: SOFT DIET | B42: Custard | F42: =Thursday!F43 -> 1.0293474 | G42: =AVERAGE(F35:F42) -> 0.89719994
B43: DINNER
A44: Category | B44: Soup
A45: REGULAR DIET / DIABETIC DIET | B45: Creamy Green pees soup | C45: ML | D45: 180 | E45: 200 | F45: ='Master – Recipes'!J99 -> 0.92849179
A46: REGULAR DIET / DIABETIC DIET | B46: Minestrone Soup | C46: ML | D46: 180 | E46: 200 | F46: ='Master – Recipes'!J118 -> 1.4062575
A47: CLEAR LIQUID DIET | B47: Clear Soup | C47: ML | D47: 180 | E47: 200 | F47: =Thursday!F48 -> 0.7437073 | G47: =AVERAGE(F45:F47) -> 1.0261522
A48: Category | B48: Salad
A49: REGULAR DIET / DIABETIC DIET | B49: Cucumber Yogurt Salad | C49: Gram | D49: 125 | E49: 180 | F49: ='Saturday '!F51 -> 0.97716804
A50: SOFT DIET | B50: SPECIAL DIET SALAD ( Lettuce, peeled cucumber and Shredded Carrots ) | C50: Gram | D50: 125 | E50: 180 | F50: ='Saturday '!F52 -> 1.4287088 | G50: =AVERAGE(F49:F50) -> 1.2029384
A51: Category | B51: Main Course - Dinner
A52: REGULAR DIET / DIABETIC DIET | B52: Grilled Chicken gravy with Potato and white Rice | C52: Gram | D52: 380 | E52: 460 | F52: ='Master – Recipes'!J44 -> 5.6093259
A53: REGULAR DIET / DIABETIC DIET | B53: Beef Okra Stew with Vermicelli Rice | C53: Gram | D53: 380 | E53: 460 | F53: ='Master – Recipes'!J43 -> 10.550843
A54: REGULAR DIET / DIABETIC DIET | B54: Tex Mex chicken wrap W/ Potato Chips Lays Al Forno | C54: Gram | D54: 380 | E54: 460 | F54: ='Master – Recipes'!J45 -> 5.9365664 | G54: =AVERAGE(F52:F54) -> 7.3655786
A55: Category | B55: Daily Main Course - Dinner
A56: REGULAR DIET / DIABETIC DIET | B56: Beef Curry with White Rice | C56: Gram | D56: 380 | E56: 460 | F56: =Thursday!F59 -> 6.7409804
A57: ANTI D DIET | B57: Boiled Chicken with Soft Rice/ Mashed potato | C57: Gram | D57: 280 | E57: 350 | F57: =Thursday!F60 -> 5.1052596
A58: CARDIAC DIET | B58: low sodium low Seasoning Grilled Chicken Breast with Vermicelli Rice with Vegetable Sauté | C58: Gram | D58: 280 | E58: 350 | F58: =Thursday!F61 -> 6.3497875
A59: RENAL DIET | B59: low sodium low Seasoning Grilled Fish with White Rice with Vegetable Sauté | C59: Gram | D59: 280 | E59: 350 | F59: =Thursday!F62 -> 5.4259856
A60: REGULAR DIET / DIABETIC DIET | B60: Chicken Kabssa With Dakkous Sauce | C60: Gram | D60: 380 | E60: 460 | F60: =Thursday!F63 -> 6.4354071
A61: SOFT DIET | B61: Soft Diet - Chicken Saleeg Healthy style WITH Mashed potato | C61: Gram | D61: 280 | E61: 350 | F61: =Thursday!F64 -> 2.551359
A62: PUREE DIET | B62: Puree Dinner ( Beef and Vegetable) | C62: Gram | D62: 280 | E62: 350 | F62: =Thursday!F65 -> 2.6273379 | G62: =AVERAGE(F56:F62) -> 5.033731

Sheet Packing Cost
E2: SMC-Packing Cost per Patient
E3: BreakFast
F4: Items | G4: Code | H4: Cost/Each
E5: Cutlary Set | F5: ='Raw material list'!A541 -> Cutlery Set for SMC Logo | G5: ='Raw material list'!C541 -> PKG-1258 | H5: ='Raw material list'!F541 -> 0.46666667
E6: Container main | F6: ='Raw material list'!A689 -> Plastic Container,1 Comp,Black(K-8000) W/Lid | G6: ='Raw material list'!C689 -> DWS-4231 | H6: ='Raw material list'!F689 -> 0.4
E7: Container main | F7: ='Raw material list'!A692 -> Plastic Container,2 Comp,Black(K-9010) W/lid | G7: ='Raw material list'!C692 -> DWS-3698 | H7: ='Raw material list'!F692 -> 0.436
E8: Vegtable container | F8: ='Raw material list'!A601 -> Plastic Clear Cont,Square,8oz,W/Lid | G8: ='Raw material list'!C601 -> PKG-4929 | H8: ='Raw material list'!F601 -> 0.392
E9: packet set | F9: ='Raw material list'!A703 -> Plastic Bag for tea bag | G9: ='Raw material list'!C703 -> DKG-1530 | H9: ='Raw material list'!F703 -> 0.007
E10: Cup with Logo and lid | F10: ='Raw material list'!A584 -> Paper Cups 8oz,VIP,Double,Logo&Lids(1000) | G10: ='Raw material list'!C584 -> PKG-4708 | H10: ='Raw material list'!F584 -> 0.34
E12: Lunch
E13: Cutlary Set | F13: Cutlery Set for SMC Logo | G13: PKG-1258 | H13: 0.46666667
E14: Container main | F14: Plastic Container,1 Comp,Black(K-8000) W/Lid | G14: DWS-4231 | H14: 0.4
E15: Container Salad | F15: Plastic Clear Cont,Square,8oz,W/Lid | G15: PKG-4929 | H15: 0.392
E16: Container Dessert | F16: ='Raw material list'!A620 -> Plastic Dessert Cup w/Lid,DC200 (1000 ) | G16: ='Raw material list'!C620 -> PKG-1541 | H16: ='Raw material list'!F620 -> 0.175
E17: Container soup | F17: ='Raw material list'!A679 -> Plastic Cont,1Comp,05AH08PBK(300 Each) | G17: ='Raw material list'!C679 -> DWS-4649 | H17: ='Raw material list'!F679 -> 0.3
E18: Container souce | F18: Plastic Sauce Container 02oz With Lids (2000) | G18: DWS-1639 | H18: 0.05
E20: Dinner
E21: Cutlary Set | F21: Cutlery Set for SMC Logo | G21: PKG-1258 | H21: 0.46666667
E22: Container main | F22: Plastic Container,1 Comp,Black(K-8000) W/Lid | G22: DWS-4231 | H22: 0.4
E23: Container Salad | F23: Plastic Clear Cont,Square,8oz,W/Lid | G23: PKG-4929 | H23: 0.392
E24: Container Dessert/Fruit | F24: Plastic Dessert Cup w/Lid,DC200 (1000 ) | G24: PKG-1541 | H24: 0.175
E25: Container souce | F25: ='Raw material list'!A697 -> Plastic Sauce Container 02oz With Lids (2000) | G25: ='Raw material list'!C697 -> DWS-1639 | H25: ='Raw material list'!F697 -> 0.05
E26: Container soup | F26: Plastic Cont,1Comp,05AH08PBK(300 Each) | G26: DWS-4649 | H26: 0.3
E28: Sleves | F28: ='Raw material list'!A593 -> Paper Sleeves with Gourmet Logo | G28: ='Raw material list'!C593 -> PKG-5072 | H28: ='Raw material list'!F593*4 -> 0.58
E29: ='Raw material list'!A645 -> Sticker Roll Plain,Expiry | F29: Sticker Roll Plain,Expiry | G29: ='Raw material list'!C645 -> PKG-5310 | H29: ='Raw material list'!F645*4 -> 0.02956
G31: Total per Patient | H31: =SUM(H5:H29) -> 6.21856

Sheet Avg Cooking W8t
A1: SMC Meal In-Patient Meals Averages Cooking Weight
A2: Regular IN- Patient Meal weight in Gram
A3: Items | B3: Mininum Grams | C3: Maximum Grams
A4: Protein | B4: 80 | C4: 100
A5: Gravy/Sauce | B5: 80 | C5: 100
A6: Carb | B6: 220 | C6: 260
A7: Total Weight | B7: =SUM(B4:B6) -> 380 | C7: =SUM(C4:C6) -> 460
A9: Catergory Diet In Patient Meal weight in Gram As Per Dr. Requested
A10: Items | B10: Mininum Grams | C10: Maximum Grams
A11: Protein | B11: 80 | C11: 100
A12: Gravy/Sauce | B12: 0 | C12: 0
A13: Carbs & Vegetables | B13: 200 | C13: 250
A14: Total Weight | B14: =SUM(B11:B13) -> 280 | C14: =SUM(C11:C13) -> 350
A16: Sandwich
A17: Items | B17: Averages Gram
A18: Protein | B18: 50 to 60
A19: Carb (potato French Fries or Wedge) | B19: 60 | C19: Or 30 Potato Chips Bakes
A20: Bread | B20: 0 | C20: depend Of The Type Of Bread
A21: Total Weight | B21: =SUM(B18:B20) -> 60
A22: Bread
A23: Tortilla bread 30 cm-----50 Gram
A24: Panini Bread-----90 to 120 Gram
A25: Soft Bread----50 Gram
A27: Items | B27: Mini Weight ML | C27: Max Weight ML
A28: Soup | B28: 180 | C28: 200
A29: Salad | B29: 125 | C29: 180
A30: Cucumber Yoghurt | B30: 180 | C30: 200
A32: Breakfast | B32: Mini Weight ML | C32: Max Weight ML
A33: Foul | B33: 180 | C33: 200 | D33: Gram
A34: Labaneh | B34: Scope 80 Gram | D34: ML
A35: Halawa Tahinia | B35: 40 | C35: 60 | D35: Gram
A36: Eggs all Types | B36: 2 Pcs per Patient
A37: Slice Cheese or Cheese Triangle one Kinds
